name,position,team,season,games,fantasy_points_ppr,targets,carries,receiving_yards,rushing_yards,receptions,receiving_tds,rushing_tds,passing_yards,passing_tds,interceptions,canonical_name,avg_fantasy_points_3yr,avg_targets_3yr,avg_carries_3yr,performance_trend_pct,consistency_score,seasons_played,total_games,avg_opportunity,passing_efficiency,total_touches,yards_per_touch,catch_rate,yards_per_target,points_per_game,opportunity_share,clean_name,player_key
LAMAR JACKSON,QB,BAL,2024,17.0,433.7,0.0,148.0,0.0,915.0,0.0,0.0,4.0,3955.0,41.0,4.0,LAMAR JACKSON,203.9,0.0,114.66666666666667,446.91046658259773,1.023343218759635,3,48.0,114.66666666666667,10.366624525916562,0.0,0.0,0.0,0.0,25.511764705882353,148.0,LAMAR JACKSON,LAMAR JACKSON_QB
K.HERBERT,QB,CIN,2023,16.0,17.5,8.0,27.0,19.0,96.0,6.0,0.0,0.0,0.0,0.0,0.0,K.HERBERT,18.35,7.5,24.0,-8.854166666666663,15.265187570321359,2,31.0,31.5,0.0,0.0,0.0,0.0,0.0,1.09375,35.0,K.HERBERT,K.HERBERT_QB
DERRICK HENRY,RB,BAL,2024,17.0,314.5,15.0,377.0,78.0,1921.0,11.0,0.0,16.0,0.0,0.0,0.0,DERRICK HENRY,251.53333333333333,10.0,266.6666666666667,21.56938538848087,3.7632839828623097,3,48.0,276.6666666666667,0.0,392.0,5.099489795918367,0.0,0.0,18.5,392.0,DERRICK HENRY,DERRICK HENRY_RB
H.HENRY,RB,NE,2023,16.0,107.6,90.0,0.0,496.0,0.0,52.0,1.0,0.0,0.0,0.0,0.0,H.HENRY,103.15,81.0,0.0,9.017223910840922,16.390576287503922,2,31.0,81.0,0.0,90.0,5.511111111111111,0.0,0.0,6.725,90.0,H.HENRY,H.HENRY_RB
B.COOKS,RB,DAL,2023,16.0,57.3,43.0,2.0,176.0,7.0,21.0,3.0,0.0,0.0,0.0,0.0,B.COOKS,49.15,35.5,1.5,39.756097560975604,4.264331079180224,2,31.0,37.0,0.0,45.0,4.066666666666666,0.0,0.0,3.58125,45.0,B.COOKS,B.COOKS_RB
B.ROBINSON,WR,ATL,2023,16.0,120.4,12.0,125.0,97.0,627.0,12.0,0.0,6.0,0.0,0.0,0.0,B.ROBINSON,118.05000000000001,11.0,147.0,4.062229904926537,35.52083213577527,2,31.0,158.0,0.0,0.0,0.0,1.0,8.083333333333334,7.525,137.0,B.ROBINSON,B.ROBINSON_WR
J.GIBBS,WR,DET,2023,16.0,255.2,37.0,221.0,374.0,1098.0,54.0,0.0,9.0,0.0,0.0,0.0,J.GIBBS,225.55,37.0,194.0,30.270546197039295,5.379019713208292,2,31.0,231.0,0.0,0.0,0.0,1.4594594594594594,10.108108108108109,15.95,258.0,J.GIBBS,J.GIBBS_WR
J.JACOBS,WR,GB,2023,16.0,121.9,4.0,236.0,40.0,959.0,4.0,0.0,3.0,0.0,0.0,0.0,J.JACOBS,109.85,3.5,218.0,24.642126789366063,6.446114515630059,2,31.0,221.5,0.0,0.0,0.0,1.0,10.0,7.61875,240.0,J.JACOBS,J.JACOBS_WR
A.ST,WR,DET,2023,16.0,222.8,139.0,0.0,818.0,0.0,81.0,10.0,0.0,0.0,0.0,0.0,A.ST,209.25,132.0,0.0,13.847726111395003,10.919711731607745,2,31.0,132.0,0.0,0.0,0.0,0.5827338129496403,5.884892086330935,13.925,139.0,A.ST,A.ST_WR
TYREEK HILL,WR,MIA,2024,17.0,137.2,123.0,8.0,959.0,53.0,81.0,6.0,0.0,0.0,0.0,0.0,TYREEK HILL,132.76666666666668,100.0,2.6666666666666665,-10.209424083769647,5.880140677111973,3,48.0,102.66666666666667,0.0,0.0,0.0,0.6585365853658537,7.796747967479675,8.070588235294117,131.0,TYREEK HILL,TYREEK HILL_WR
D.ACHANE,WR,MIA,2023,16.0,226.8,74.0,177.0,523.0,775.0,55.0,4.0,3.0,0.0,0.0,0.0,D.ACHANE,209.0,69.0,168.0,18.619246861924697,8.302545913931928,2,31.0,237.0,0.0,0.0,0.0,0.7432432432432432,7.0675675675675675,14.175,251.0,D.ACHANE,D.ACHANE_WR
B.BOWERS,WR,LV,2023,16.0,209.7,141.0,3.0,1009.0,8.0,90.0,3.0,0.0,0.0,0.0,0.0,B.BOWERS,200.05,123.5,3.0,10.13655462184873,14.658726588224765,2,31.0,126.5,0.0,0.0,0.0,0.6382978723404256,7.156028368794326,13.10625,144.0,B.BOWERS,B.BOWERS_WR
B.IRVING,WR,TB,2023,16.0,190.6,39.0,178.0,272.0,944.0,27.0,0.0,7.0,0.0,0.0,0.0,B.IRVING,182.25,33.5,171.0,9.603220241518107,15.433558188173457,2,31.0,204.5,0.0,0.0,0.0,0.6923076923076923,6.9743589743589745,11.9125,217.0,B.IRVING,B.IRVING_WR
J.CONNER,WR,ARI,2023,16.0,193.0,48.0,173.0,371.0,879.0,32.0,1.0,5.0,0.0,0.0,0.0,J.CONNER,194.85,43.0,149.5,-1.8810371123538328,74.47554395362118,2,31.0,192.5,0.0,0.0,0.0,0.6666666666666666,7.729166666666667,12.0625,221.0,J.CONNER,J.CONNER_WR
A.JONES,WR,MIN,2023,16.0,184.6,57.0,223.0,268.0,888.0,45.0,1.0,3.0,0.0,0.0,0.0,A.JONES,164.39999999999998,53.5,172.5,28.01664355062414,5.754869050844969,2,31.0,226.0,0.0,0.0,0.0,0.7894736842105263,4.701754385964913,11.5375,280.0,A.JONES,A.JONES_WR
B.HALL,WR,NYJ,2023,16.0,171.4,63.0,149.0,381.0,633.0,40.0,2.0,3.0,0.0,0.0,0.0,B.HALL,158.7,51.5,130.0,17.397260273972606,8.83605087986654,2,31.0,181.5,0.0,0.0,0.0,0.6349206349206349,6.0476190476190474,10.7125,212.0,B.HALL,B.HALL_WR
T.MCBRIDE,WR,ARI,2023,16.0,185.2,129.0,0.0,892.0,0.0,90.0,1.0,0.0,0.0,0.0,0.0,T.MCBRIDE,164.35,115.0,0.0,29.059233449477347,5.573764963453675,2,31.0,115.0,0.0,0.0,0.0,0.6976744186046512,6.9147286821705425,11.575,129.0,T.MCBRIDE,T.MCBRIDE_WR
C.HUBBARD,WR,CAR,2023,16.0,148.3,48.0,190.0,144.0,709.0,27.0,0.0,6.0,0.0,0.0,0.0,C.HUBBARD,151.5,45.5,154.5,-4.1370394311570635,33.47708667180073,2,31.0,200.0,0.0,0.0,0.0,0.5625,3.0,9.26875,238.0,C.HUBBARD,C.HUBBARD_WR
Z.ERTZ,WR,WAS,2023,16.0,149.5,67.0,0.0,635.0,0.0,56.0,5.0,0.0,0.0,0.0,0.0,Z.ERTZ,138.3,68.5,0.0,17.623918174665622,8.73150605697317,2,31.0,68.5,0.0,0.0,0.0,0.835820895522388,9.477611940298507,9.34375,67.0,Z.ERTZ,Z.ERTZ_WR
D.SWIFT,WR,CHI,2023,16.0,170.2,39.0,159.0,362.0,780.0,32.0,0.0,4.0,0.0,0.0,0.0,D.SWIFT,152.7,32.5,138.0,25.887573964497047,6.1700117421249026,2,31.0,170.5,0.0,0.0,0.0,0.8205128205128205,9.282051282051283,10.6375,198.0,D.SWIFT,D.SWIFT_WR
T.POLLARD,WR,TEN,2023,16.0,144.4,54.0,189.0,214.0,740.0,31.0,0.0,3.0,0.0,0.0,0.0,T.POLLARD,137.65,48.0,153.0,10.313216195569137,14.41974050819678,2,31.0,201.0,0.0,0.0,0.0,0.5740740740740741,3.962962962962963,9.025,243.0,T.POLLARD,T.POLLARD_WR
D.MONTGOMERY,WR,DET,2023,16.0,144.1,25.0,149.0,243.0,478.0,30.0,0.0,7.0,0.0,0.0,0.0,D.MONTGOMERY,142.6,26.5,133.5,2.1261516654854713,67.22228466480112,2,31.0,160.0,0.0,0.0,0.0,1.2,9.72,9.00625,174.0,D.MONTGOMERY,D.MONTGOMERY_WR
N.HARRIS,WR,PIT,2023,16.0,144.5,40.0,245.0,217.0,848.0,26.0,0.0,2.0,0.0,0.0,0.0,N.HARRIS,150.5,39.5,204.0,-7.667731629392971,17.736595094762567,2,31.0,243.5,0.0,0.0,0.0,0.65,5.425,9.03125,285.0,N.HARRIS,N.HARRIS_WR
R.DOWDLE,WR,DAL,2023,16.0,156.6,40.0,157.0,231.0,905.0,25.0,2.0,1.0,0.0,0.0,0.0,R.DOWDLE,143.95,32.5,162.5,19.268849961919255,8.04648388551807,2,31.0,195.0,0.0,0.0,0.0,0.625,5.775,9.7875,197.0,R.DOWDLE,R.DOWDLE_WR
K.WALKER,WR,SEA,2023,16.0,139.5,39.0,91.0,267.0,458.0,31.0,0.0,6.0,0.0,0.0,0.0,K.WALKER,129.1,34.5,96.0,17.523167649536646,8.777642831844547,2,31.0,130.5,0.0,0.0,0.0,0.7948717948717948,6.846153846153846,8.71875,130.0,K.WALKER,K.WALKER_WR
T.TRACY,WR,NYG,2023,16.0,141.6,37.0,160.0,239.0,667.0,27.0,0.0,4.0,0.0,0.0,0.0,T.TRACY,119.15,35.0,136.0,46.43226473629782,3.752862938903214,2,31.0,171.0,0.0,0.0,0.0,0.7297297297297297,6.45945945945946,8.85,197.0,T.TRACY,T.TRACY_WR
J.HURTS,WR,PHI,2023,16.0,135.0,1.0,130.0,0.0,450.0,0.0,0.0,15.0,0.0,0.0,0.0,J.HURTS,136.2,1.0,118.0,-1.7467248908296984,80.25661966467295,2,31.0,119.0,0.0,0.0,0.0,0.0,0.0,8.4375,131.0,J.HURTS,J.HURTS_WR
COOPER KUPP,WR,LAR,2024,12.0,190.0,113.0,2.0,710.0,28.0,67.0,6.0,0.0,0.0,0.0,0.0,COOPER KUPP,151.23333333333332,90.66666666666667,1.3333333333333333,29.781420765027317,4.133164060287716,3,43.0,92.0,0.0,0.0,0.0,0.5929203539823009,6.283185840707965,15.833333333333334,115.0,COOPER KUPP,COOPER KUPP_WR
J.DOBBINS,WR,LAC,2023,16.0,149.1,29.0,157.0,109.0,682.0,28.0,0.0,7.0,0.0,0.0,0.0,J.DOBBINS,130.6,28.5,119.5,33.00624442462088,4.9917916552953026,2,31.0,148.0,0.0,0.0,0.0,0.9655172413793104,3.7586206896551726,9.31875,186.0,J.DOBBINS,J.DOBBINS_WR
S.LAPORTA,WR,DET,2023,16.0,118.7,66.0,0.0,547.0,0.0,40.0,4.0,0.0,0.0,0.0,0.0,S.LAPORTA,118.30000000000001,57.5,0.0,0.6785411365564012,209.12683053592218,2,31.0,57.5,0.0,0.0,0.0,0.6060606060606061,8.287878787878787,7.41875,66.0,S.LAPORTA,S.LAPORTA_WR
P.FREIERMUTH,WR,PIT,2023,16.0,123.0,63.0,0.0,510.0,0.0,42.0,5.0,0.0,0.0,0.0,0.0,P.FREIERMUTH,124.75,59.5,0.0,-2.766798418972332,50.406611973155314,2,31.0,59.5,0.0,0.0,0.0,0.6666666666666666,8.095238095238095,7.6875,63.0,P.FREIERMUTH,P.FREIERMUTH_WR
T.KRAFT,WR,GB,2023,16.0,137.1,60.0,4.0,741.0,10.0,38.0,4.0,0.0,0.0,0.0,0.0,T.KRAFT,124.25,54.0,3.5,23.070017953321354,6.837199810305725,2,31.0,57.5,0.0,0.0,0.0,0.6333333333333333,12.35,8.56875,64.0,T.KRAFT,T.KRAFT_WR
K.HUNT,WR,KC,2023,16.0,127.7,20.0,136.0,125.0,672.0,18.0,0.0,5.0,0.0,0.0,0.0,K.HUNT,123.30000000000001,24.0,153.5,7.40117746005046,19.815060481886672,2,31.0,177.5,0.0,0.0,0.0,0.9,6.25,7.98125,156.0,K.HUNT,K.HUNT_WR
J.HILL,WR,BAL,2023,16.0,129.0,50.0,41.0,407.0,203.0,50.0,3.0,0.0,0.0,0.0,0.0,J.HILL,113.55,45.0,39.0,31.49847094801224,5.196891586002101,2,31.0,84.0,0.0,0.0,0.0,1.0,8.14,8.0625,91.0,J.HILL,J.HILL_WR
A.EKELER,WR,WAS,2023,16.0,113.7,42.0,79.0,335.0,392.0,29.0,0.0,2.0,0.0,0.0,0.0,A.EKELER,103.25,35.5,78.0,22.521551724137936,6.986485661005839,2,31.0,113.5,0.0,0.0,0.0,0.6904761904761905,7.976190476190476,7.10625,121.0,A.EKELER,A.EKELER_WR
J.DANIELS,WR,WAS,2023,16.0,108.7,0.0,126.0,0.0,727.0,0.0,0.0,6.0,0.0,0.0,0.0,J.DANIELS,103.2,0.0,127.0,11.258955987717503,13.267894512445766,2,31.0,127.0,0.0,0.0,0.0,0.0,0.0,6.79375,126.0,J.DANIELS,J.DANIELS_WR
C.OTTON,WR,TB,2023,16.0,120.0,71.0,0.0,560.0,0.0,52.0,2.0,0.0,0.0,0.0,0.0,C.OTTON,105.15,66.5,0.0,32.89036544850499,5.006887410219897,2,31.0,66.5,0.0,0.0,0.0,0.7323943661971831,7.887323943661972,7.5,71.0,C.OTTON,C.OTTON_WR
D.GOEDERT,WR,PHI,2023,16.0,91.5,56.0,1.0,315.0,10.0,47.0,2.0,0.0,0.0,0.0,0.0,D.GOEDERT,90.9,59.0,1.0,1.328903654485053,107.1266773497617,2,31.0,60.0,0.0,0.0,0.0,0.8392857142857143,5.625,5.71875,57.0,D.GOEDERT,D.GOEDERT_WR
T.ETIENNE,WR,JAX,2023,16.0,99.3,34.0,111.0,224.0,319.0,33.0,0.0,2.0,0.0,0.0,0.0,T.ETIENNE,89.8,31.5,99.0,23.6612702366127,6.684019889531786,2,31.0,130.5,0.0,0.0,0.0,0.9705882352941176,6.588235294117647,6.20625,145.0,T.ETIENNE,T.ETIENNE_WR
D.NJOKU,WR,CLE,2023,16.0,108.4,76.0,0.0,314.0,0.0,59.0,3.0,0.0,0.0,0.0,0.0,D.NJOKU,90.85,66.0,0.0,47.885402455661676,3.660435958450018,2,31.0,66.0,0.0,0.0,0.0,0.7763157894736842,4.131578947368421,6.775,76.0,D.NJOKU,D.NJOKU_WR
N.WESTBROOK,WR,TEN,2023,16.0,99.9,52.0,0.0,409.0,0.0,23.0,6.0,0.0,0.0,0.0,0.0,N.WESTBROOK,91.85,41.5,0.0,19.21241050119333,8.068044453662653,2,31.0,41.5,0.0,0.0,0.0,0.4423076923076923,7.865384615384615,6.24375,52.0,N.WESTBROOK,N.WESTBROOK_WR
M.GESICKI,WR,CIN,2023,16.0,96.5,82.0,0.0,545.0,0.0,36.0,1.0,0.0,0.0,0.0,0.0,M.GESICKI,91.15,69.5,0.0,12.470862470862475,12.04724917853342,2,31.0,69.5,0.0,0.0,0.0,0.43902439024390244,6.646341463414634,6.03125,82.0,M.GESICKI,M.GESICKI_WR
J.WARREN,WR,PIT,2023,16.0,110.4,44.0,103.0,277.0,487.0,28.0,0.0,1.0,0.0,0.0,0.0,J.WARREN,100.65,38.5,86.0,21.45214521452145,7.299517695018053,2,31.0,124.5,0.0,0.0,0.0,0.6363636363636364,6.295454545454546,6.9,147.0,J.WARREN,J.WARREN_WR
K.PITTS,WR,ATL,2023,16.0,104.6,71.0,0.0,446.0,0.0,42.0,3.0,0.0,0.0,0.0,0.0,K.PITTS,95.65,61.0,0.0,20.645905420991916,7.556956829105397,2,31.0,61.0,0.0,0.0,0.0,0.5915492957746479,6.28169014084507,6.5375,71.0,K.PITTS,K.PITTS_WR
A.MATTISON,WR,LV,2023,16.0,85.5,33.0,101.0,213.0,232.0,29.0,1.0,1.0,0.0,0.0,0.0,A.MATTISON,89.2,26.5,89.5,-7.965554359526378,17.04700672482162,2,31.0,116.0,0.0,0.0,0.0,0.8787878787878788,6.454545454545454,5.34375,134.0,A.MATTISON,A.MATTISON_WR
J.MASON,WR,SF,2023,16.0,91.6,9.0,116.0,93.0,553.0,9.0,0.0,3.0,0.0,0.0,0.0,J.MASON,79.85,7.5,121.5,34.50807635829663,4.805317147042198,2,31.0,129.0,0.0,0.0,0.0,1.0,10.333333333333334,5.725,125.0,J.MASON,J.MASON_WR
D.SCHULTZ,WR,HOU,2023,16.0,94.7,72.0,0.0,387.0,0.0,50.0,1.0,0.0,0.0,0.0,0.0,D.SCHULTZ,97.45,55.5,0.0,-5.489021956087824,25.057293027865114,2,31.0,55.5,0.0,0.0,0.0,0.6944444444444444,5.375,5.91875,72.0,D.SCHULTZ,D.SCHULTZ_WR
I.LIKELY,WR,BAL,2023,16.0,94.5,47.0,0.0,445.0,0.0,32.0,3.0,0.0,0.0,0.0,0.0,I.LIKELY,86.3,48.5,0.0,20.998719590268895,7.441867709316955,2,31.0,48.5,0.0,0.0,0.0,0.6808510638297872,9.46808510638298,5.90625,47.0,I.LIKELY,I.LIKELY_WR
A.ABDULLAH,WR,LV,2023,16.0,98.4,35.0,43.0,184.0,300.0,26.0,3.0,1.0,0.0,0.0,0.0,A.ABDULLAH,92.85,27.0,42.5,12.714776632302415,11.829705339310069,2,31.0,69.5,0.0,0.0,0.0,0.7428571428571429,5.257142857142857,6.15,78.0,A.ABDULLAH,A.ABDULLAH_WR
J.FORD,WR,CLE,2023,16.0,103.4,36.0,77.0,165.0,419.0,33.0,0.0,2.0,0.0,0.0,0.0,J.FORD,92.6,31.0,74.5,26.405867970660157,6.0627859201735435,2,31.0,105.5,0.0,0.0,0.0,0.9166666666666666,4.583333333333333,6.4625,113.0,J.FORD,J.FORD_WR
B.NIX,WR,DEN,2023,16.0,91.1,22.0,73.0,142.0,399.0,7.0,2.0,3.0,0.0,0.0,0.0,B.NIX,87.4,16.0,56.0,8.841099163679798,16.70300883127144,2,31.0,72.0,0.0,0.0,0.0,0.3181818181818182,6.454545454545454,5.69375,95.0,B.NIX,B.NIX_WR
N.GRAY,WR,KC,2023,16.0,97.9,41.0,0.0,359.0,0.0,38.0,4.0,0.0,0.0,0.0,0.0,N.GRAY,92.1,38.5,0.0,13.441483198146011,11.228368025393273,2,31.0,38.5,0.0,0.0,0.0,0.926829268292683,8.75609756097561,6.11875,41.0,N.GRAY,N.GRAY_WR
T.CONKLIN,WR,NYJ,2023,16.0,99.3,62.0,0.0,383.0,0.0,43.0,3.0,0.0,0.0,0.0,0.0,T.CONKLIN,87.15,58.0,0.0,32.4,5.071963455177583,2,31.0,58.0,0.0,0.0,0.0,0.6935483870967742,6.17741935483871,6.20625,62.0,T.CONKLIN,T.CONKLIN_WR
C.OKONKWO,WR,TEN,2023,16.0,101.0,61.0,0.0,431.0,9.0,45.0,2.0,0.0,0.0,0.0,0.0,C.OKONKWO,86.05,54.0,0.0,42.053445850914215,4.070002576662368,2,31.0,54.0,0.0,0.0,0.0,0.7377049180327869,7.065573770491803,6.3125,61.0,C.OKONKWO,C.OKONKWO_WR
D.KINCAID,WR,BUF,2023,16.0,92.8,47.0,0.0,408.0,0.0,46.0,1.0,0.0,0.0,0.0,0.0,D.KINCAID,80.1,51.0,0.0,37.685459940652805,4.459783714412793,2,31.0,51.0,0.0,0.0,0.0,0.9787234042553191,8.680851063829786,5.8,47.0,D.KINCAID,D.KINCAID_WR
F.MOREAU,WR,NO,2023,16.0,82.5,35.0,0.0,305.0,0.0,28.0,4.0,0.0,0.0,0.0,0.0,F.MOREAU,84.2,28.0,0.0,-3.9580908032596103,35.02258292700424,2,31.0,28.0,0.0,0.0,0.0,0.8,8.714285714285714,5.15625,35.0,F.MOREAU,F.MOREAU_WR
A.HOOPER,WR,NE,2023,16.0,90.1,53.0,0.0,351.0,0.0,43.0,2.0,0.0,0.0,0.0,0.0,A.HOOPER,85.25,52.5,0.0,12.064676616915408,12.429041875495516,2,31.0,52.5,0.0,0.0,0.0,0.8113207547169812,6.622641509433962,5.63125,53.0,A.HOOPER,A.HOOPER_WR
C.KMET,WR,CHI,2023,16.0,81.3,42.0,0.0,353.0,0.0,34.0,2.0,0.0,0.0,0.0,0.0,C.KMET,86.0,38.0,0.0,-10.363836824696808,12.938549613200648,2,31.0,38.0,0.0,0.0,0.0,0.8095238095238095,8.404761904761905,5.08125,42.0,C.KMET,C.KMET_WR
T.BIGSBY,WR,JAX,2023,16.0,75.3,9.0,111.0,39.0,494.0,4.0,0.0,3.0,0.0,0.0,0.0,T.BIGSBY,66.1,8.0,91.5,32.33743409490334,5.080408503959869,2,31.0,99.5,0.0,0.0,0.0,0.4444444444444444,4.333333333333333,4.70625,120.0,T.BIGSBY,T.BIGSBY_WR
W.DISSLY,WR,LAC,2023,16.0,82.0,49.0,0.0,410.0,0.0,35.0,1.0,0.0,0.0,0.0,0.0,W.DISSLY,76.75,49.5,0.0,14.685314685314685,10.337227705917623,2,31.0,49.5,0.0,0.0,0.0,0.7142857142857143,8.36734693877551,5.125,49.0,W.DISSLY,W.DISSLY_WR
A.ANDERSON,WR,BUF,2023,16.0,64.1,0.0,90.0,0.0,401.0,0.0,0.0,4.0,0.0,0.0,0.0,A.ANDERSON,65.44999999999999,0.0,75.0,-4.041916167664675,34.28158431752554,2,31.0,75.0,0.0,0.0,0.0,0.0,0.0,4.00625,90.0,A.ANDERSON,A.ANDERSON_WR
N.FANT,WR,SEA,2023,16.0,87.1,51.0,0.0,411.0,0.0,46.0,0.0,0.0,0.0,0.0,0.0,N.FANT,73.65,48.5,0.0,44.68438538205978,3.8720010731887915,2,31.0,48.5,0.0,0.0,0.0,0.9019607843137255,8.058823529411764,5.44375,51.0,N.FANT,N.FANT_WR
T.ALLGEIER,WR,ATL,2023,16.0,78.1,10.0,99.0,63.0,488.0,11.0,0.0,2.0,0.0,0.0,0.0,T.ALLGEIER,76.8,9.0,103.5,3.4437086092715155,41.77369291932844,2,31.0,112.5,0.0,0.0,0.0,1.1,6.3,4.88125,109.0,T.ALLGEIER,T.ALLGEIER_WR
D.SINGLETARY,WR,NYG,2023,16.0,71.4,18.0,95.0,85.0,359.0,15.0,0.0,2.0,0.0,0.0,0.0,D.SINGLETARY,67.80000000000001,18.5,87.5,11.214953271028042,13.317177712346643,2,31.0,106.0,0.0,0.0,0.0,0.8333333333333334,4.722222222222222,4.4625,113.0,D.SINGLETARY,D.SINGLETARY_WR
T.HOCKENSON,WR,MIN,2023,16.0,74.1,45.0,0.0,401.0,0.0,34.0,0.0,0.0,0.0,0.0,0.0,T.HOCKENSON,59.5,47.0,0.0,65.03340757238306,2.881702293191752,2,31.0,47.0,0.0,0.0,0.0,0.7555555555555555,8.911111111111111,4.63125,45.0,T.HOCKENSON,T.HOCKENSON_WR
A.GIBSON,WR,NE,2023,16.0,64.9,23.0,79.0,152.0,377.0,12.0,0.0,0.0,0.0,0.0,0.0,A.GIBSON,67.2,21.5,63.0,-6.618705035971215,20.659815519885242,2,31.0,84.5,0.0,0.0,0.0,0.5217391304347826,6.608695652173913,4.05625,102.0,A.GIBSON,A.GIBSON_WR
J.AKINS,WR,CLE,2023,16.0,69.1,34.0,0.0,241.0,0.0,33.0,2.0,0.0,0.0,0.0,0.0,J.AKINS,65.5,35.0,0.0,11.631663974151852,12.86541504658858,2,31.0,35.0,0.0,0.0,0.0,0.9705882352941176,7.088235294117647,4.31875,34.0,J.AKINS,J.AKINS_WR
C.AKERS,WR,MIN,2023,16.0,62.1,15.0,84.0,47.0,314.0,8.0,2.0,1.0,0.0,0.0,0.0,C.AKERS,56.7,14.5,87.0,21.052631578947377,7.424621202458746,2,31.0,101.5,0.0,0.0,0.0,0.5333333333333333,3.1333333333333333,3.88125,99.0,C.AKERS,C.AKERS_WR
B.STRANGE,WR,JAX,2023,16.0,71.5,50.0,0.0,365.0,0.0,29.0,1.0,0.0,0.0,0.0,0.0,B.STRANGE,64.9,40.5,0.0,22.64150943396227,6.953216681667717,2,31.0,40.5,0.0,0.0,0.0,0.58,7.3,4.46875,50.0,B.STRANGE,B.STRANGE_WR
I.GUERENDO,WR,SF,2023,16.0,67.4,14.0,66.0,112.0,332.0,11.0,0.0,2.0,0.0,0.0,0.0,I.GUERENDO,60.900000000000006,11.5,60.5,23.897058823529427,6.625046611424727,2,31.0,72.0,0.0,0.0,0.0,0.7857142857142857,8.0,4.2125,80.0,I.GUERENDO,I.GUERENDO_WR
J.MCLAUGHLIN,WR,DEN,2023,16.0,72.8,18.0,78.0,64.0,434.0,17.0,1.0,0.0,0.0,0.0,0.0,J.MCLAUGHLIN,67.7,18.5,79.0,16.293929712460056,9.386495899280254,2,31.0,97.5,0.0,0.0,0.0,0.9444444444444444,3.5555555555555554,4.55,96.0,J.MCLAUGHLIN,J.MCLAUGHLIN_WR
A.RICHARDSON,WR,IND,2023,16.0,53.3,2.0,46.0,0.0,293.0,0.0,0.0,4.0,0.0,0.0,0.0,A.RICHARDSON,58.15,1.5,48.5,-15.3968253968254,8.477991613607777,2,31.0,50.0,0.0,0.0,0.0,0.0,0.0,3.33125,48.0,A.RICHARDSON,A.RICHARDSON_WR
E.ENGRAM,WR,JAX,2023,16.0,61.2,43.0,0.0,302.0,0.0,31.0,0.0,0.0,0.0,0.0,0.0,E.ENGRAM,58.05,44.5,0.0,11.475409836065582,13.03096782472351,2,31.0,44.5,0.0,0.0,0.0,0.7209302325581395,7.023255813953488,3.825,43.0,E.ENGRAM,E.ENGRAM_WR
K.MURRAY,WR,ARI,2023,16.0,56.7,4.0,49.0,8.0,419.0,2.0,0.0,2.0,0.0,0.0,0.0,K.MURRAY,53.5,4.0,44.0,12.723658051689874,11.82194149796258,2,31.0,48.0,0.0,0.0,0.0,0.5,2.0,3.54375,53.0,K.MURRAY,K.MURRAY_WR
T.SPEARS,WR,TEN,2023,16.0,67.3,27.0,46.0,202.0,221.0,25.0,0.0,0.0,0.0,0.0,0.0,T.SPEARS,61.2,27.5,40.5,22.141560798548085,7.09425164075684,2,31.0,68.0,0.0,0.0,0.0,0.9259259259259259,7.481481481481482,4.20625,73.0,T.SPEARS,T.SPEARS_WR
Z.MOSS,WR,CIN,2023,16.0,60.5,18.0,46.0,140.0,215.0,19.0,0.0,1.0,0.0,0.0,0.0,Z.MOSS,52.65,20.5,38.0,35.04464285714287,4.742569685283021,2,31.0,58.5,0.0,0.0,0.0,1.0555555555555556,7.777777777777778,3.78125,64.0,Z.MOSS,Z.MOSS_WR
S.PERINE,WR,KC,2023,16.0,58.1,29.0,13.0,266.0,85.0,23.0,0.0,0.0,0.0,0.0,0.0,S.PERINE,49.5,24.0,14.0,42.05378973105135,4.0699750777597785,2,31.0,38.0,0.0,0.0,0.0,0.7931034482758621,9.172413793103448,3.63125,42.0,S.PERINE,S.PERINE_WR
M.VALDES,WR,NO,2023,16.0,64.5,36.0,0.0,333.0,2.0,13.0,3.0,0.0,0.0,0.0,0.0,M.VALDES,57.6,34.0,0.0,27.2189349112426,5.90280443425292,2,31.0,34.0,0.0,0.0,0.0,0.3611111111111111,9.25,4.03125,36.0,M.VALDES,M.VALDES_WR
B.YOUNG,WR,CAR,2023,16.0,58.0,5.0,32.0,34.0,216.0,3.0,1.0,4.0,0.0,0.0,0.0,B.YOUNG,54.2,4.0,29.0,15.07936507936508,10.08557566850286,2,31.0,33.0,0.0,0.0,0.0,0.6,6.8,3.625,37.0,B.YOUNG,B.YOUNG_WR
M.SANDERS,WR,CAR,2023,16.0,51.2,20.0,31.0,105.0,137.0,15.0,1.0,1.0,0.0,0.0,0.0,M.SANDERS,50.25,20.5,29.0,3.8539553752535616,37.402227110130426,2,31.0,49.5,0.0,0.0,0.0,0.75,5.25,3.2,51.0,M.SANDERS,M.SANDERS_WR
C.PARKINSON,WR,LA,2023,16.0,65.2,41.0,0.0,242.0,0.0,35.0,1.0,0.0,0.0,0.0,0.0,C.PARKINSON,52.0,41.0,0.0,68.04123711340209,2.7855721683106416,2,31.0,41.0,0.0,0.0,0.0,0.8536585365853658,5.902439024390244,4.075,41.0,C.PARKINSON,C.PARKINSON_WR
A.BARNER,WR,SEA,2023,16.0,49.5,28.0,0.0,195.0,0.0,18.0,2.0,0.0,0.0,0.0,0.0,A.BARNER,48.25,19.5,0.0,5.319148936170213,27.294321753800734,2,31.0,19.5,0.0,0.0,0.0,0.6428571428571429,6.964285714285714,3.09375,28.0,A.BARNER,A.BARNER_WR
J.SANDERS,WR,CAR,2023,16.0,36.2,35.0,0.0,202.0,0.0,16.0,0.0,0.0,0.0,0.0,0.0,J.SANDERS,39.1,29.0,0.0,-13.809523809523801,9.533750049791042,2,31.0,29.0,0.0,0.0,0.0,0.45714285714285713,5.771428571428571,2.2625,35.0,J.SANDERS,J.SANDERS_WR
B.PURDY,WR,SF,2023,16.0,57.6,1.0,51.0,25.0,241.0,1.0,0.0,5.0,0.0,0.0,0.0,B.PURDY,49.400000000000006,1.0,48.5,39.80582524271844,4.2598871939774945,2,31.0,49.5,0.0,0.0,0.0,1.0,25.0,3.6,52.0,B.PURDY,B.PURDY_WR
K.GAINWELL,WR,PHI,2023,16.0,43.7,19.0,68.0,125.0,162.0,15.0,0.0,0.0,0.0,0.0,0.0,K.GAINWELL,39.900000000000006,17.0,59.0,21.052631578947373,7.424621202458749,2,31.0,76.0,0.0,0.0,0.0,0.7894736842105263,6.578947368421052,2.73125,87.0,K.GAINWELL,K.GAINWELL_WR
B.MAYFIELD,WR,TB,2023,16.0,39.4,0.0,47.0,1.0,273.0,0.0,0.0,2.0,0.0,0.0,0.0,B.MAYFIELD,40.05,0.0,45.0,-3.1941031941032048,43.568656286955594,2,31.0,45.0,0.0,0.0,0.0,0.0,1.0,2.4625,47.0,B.MAYFIELD,B.MAYFIELD_WR
K.JUSZCZYK,WR,SF,2023,16.0,41.0,20.0,4.0,139.0,21.0,13.0,2.0,0.0,0.0,0.0,0.0,K.JUSZCZYK,42.85,20.0,3.5,-8.27740492170023,16.378121931807318,2,31.0,23.5,0.0,0.0,0.0,0.65,6.95,2.5625,24.0,K.JUSZCZYK,K.JUSZCZYK_WR
J.OLIVER,WR,MIN,2023,16.0,42.2,23.0,0.0,182.0,0.0,18.0,1.0,0.0,0.0,0.0,0.0,J.OLIVER,37.6,22.5,0.0,27.878787878787886,5.779829341872648,2,31.0,22.5,0.0,0.0,0.0,0.782608695652174,7.913043478260869,2.6375,23.0,J.OLIVER,J.OLIVER_WR
J.GOFF,WR,DET,2023,16.0,39.2,13.0,16.0,83.0,39.0,9.0,3.0,0.0,0.0,0.0,0.0,J.GOFF,37.7,11.5,12.5,8.287292817679557,17.771950433821896,2,31.0,24.0,0.0,0.0,0.0,0.6923076923076923,6.384615384615385,2.45,29.0,J.GOFF,J.GOFF_WR
J.MCNICHOLS,WR,WAS,2023,16.0,42.8,8.0,51.0,21.0,167.0,6.0,0.0,3.0,0.0,0.0,0.0,J.MCNICHOLS,41.849999999999994,8.5,38.0,4.645476772616133,31.149914518586353,2,31.0,46.5,0.0,0.0,0.0,0.75,2.625,2.675,59.0,J.MCNICHOLS,J.MCNICHOLS_WR
I.PACHECO,WR,KC,2023,16.0,43.1,15.0,61.0,101.0,230.0,10.0,0.0,0.0,0.0,0.0,0.0,I.PACHECO,42.1,13.0,61.0,4.8661800486618,29.76919548795365,2,31.0,74.0,0.0,0.0,0.0,0.6666666666666666,6.733333333333333,2.69375,76.0,I.PACHECO,I.PACHECO_WR
S.TUCKER,WR,TB,2023,16.0,39.8,7.0,33.0,81.0,247.0,7.0,0.0,0.0,0.0,0.0,0.0,S.TUCKER,35.2,8.0,33.0,30.065359477124165,5.410904064731845,2,31.0,41.0,0.0,0.0,0.0,1.0,11.571428571428571,2.4875,40.0,S.TUCKER,S.TUCKER_WR
D.MAYE,WR,NE,2023,16.0,42.7,3.0,42.0,0.0,357.0,1.0,0.0,1.0,0.0,0.0,0.0,D.MAYE,40.6,3.0,33.0,10.909090909090917,13.670731102939909,2,31.0,36.0,0.0,0.0,0.0,0.3333333333333333,0.0,2.66875,45.0,D.MAYE,D.MAYE_WR
G.EDWARDS,WR,LAC,2023,16.0,38.6,3.0,78.0,4.0,302.0,2.0,0.0,1.0,0.0,0.0,0.0,G.EDWARDS,37.75,3.0,79.0,4.607046070460712,31.40385998799073,2,31.0,82.0,0.0,0.0,0.0,0.6666666666666666,1.3333333333333333,2.4125,81.0,G.EDWARDS,G.EDWARDS_WR
E.ELLIOTT,WR,DAL,2023,16.0,43.5,13.0,66.0,55.0,170.0,9.0,0.0,2.0,0.0,0.0,0.0,E.ELLIOTT,38.6,12.5,62.5,29.080118694362007,5.570269745673621,2,31.0,75.0,0.0,0.0,0.0,0.6923076923076923,4.230769230769231,2.71875,79.0,E.ELLIOTT,E.ELLIOTT_WR
J.FIELDS,WR,PIT,2023,16.0,40.0,0.0,44.0,0.0,220.0,0.0,0.0,3.0,0.0,0.0,0.0,J.FIELDS,32.75,0.0,38.0,56.86274509803921,3.194172011566818,2,31.0,38.0,0.0,0.0,0.0,0.0,0.0,2.5,44.0,J.FIELDS,J.FIELDS_WR
J.WHYLE,WR,TEN,2023,16.0,40.1,24.0,0.0,181.0,0.0,22.0,0.0,0.0,0.0,0.0,0.0,J.WHYLE,35.2,24.5,0.0,32.34323432343235,5.079624224033974,2,31.0,24.5,0.0,0.0,0.0,0.9166666666666666,7.541666666666667,2.50625,24.0,J.WHYLE,J.WHYLE_WR
D.OGUNBOWALE,WR,HOU,2023,16.0,41.1,21.0,28.0,182.0,69.0,16.0,0.0,0.0,0.0,0.0,0.0,D.OGUNBOWALE,38.45,21.0,23.5,14.80446927374303,10.259719145895371,2,31.0,44.5,0.0,0.0,0.0,0.7619047619047619,8.666666666666666,2.56875,49.0,D.OGUNBOWALE,D.OGUNBOWALE_WR
L.SCHOONMAKER,WR,DAL,2023,16.0,38.7,22.0,0.0,157.0,0.0,23.0,0.0,0.0,0.0,0.0,0.0,L.SCHOONMAKER,34.150000000000006,21.5,0.0,30.743243243243246,5.307186060993538,2,31.0,21.5,0.0,0.0,0.0,1.0454545454545454,7.136363636363637,2.41875,22.0,L.SCHOONMAKER,L.SCHOONMAKER_WR
D.KRAMER,WR,CHI,2023,16.0,30.7,0.0,7.0,0.0,7.0,0.0,0.0,5.0,0.0,0.0,0.0,D.KRAMER,36.65,0.0,5.5,-27.934272300469488,4.355540089157473,2,31.0,5.5,0.0,0.0,0.0,0.0,0.0,1.91875,7.0,D.KRAMER,D.KRAMER_WR
D.KNOX,WR,BUF,2023,16.0,39.2,23.0,0.0,182.0,0.0,21.0,0.0,0.0,0.0,0.0,0.0,D.KNOX,35.5,23.5,0.0,23.27044025157233,6.78440290057363,2,31.0,23.5,0.0,0.0,0.0,0.9130434782608695,7.913043478260869,2.45,23.0,D.KNOX,D.KNOX_WR
E.DEMERCADO,WR,ARI,2023,16.0,28.4,13.0,18.0,71.0,113.0,10.0,0.0,0.0,0.0,0.0,0.0,E.DEMERCADO,30.849999999999998,12.5,17.5,-14.714714714714711,8.903773142695917,2,31.0,30.0,0.0,0.0,0.0,0.7692307692307693,5.461538461538462,1.775,31.0,E.DEMERCADO,E.DEMERCADO_WR
J.MUNDT,WR,MIN,2023,16.0,36.6,25.0,0.0,156.0,0.0,15.0,1.0,0.0,0.0,0.0,0.0,J.MUNDT,29.75,23.5,0.0,59.82532751091705,3.071011202963472,2,31.0,23.5,0.0,0.0,0.0,0.6,6.24,2.2875,25.0,J.MUNDT,J.MUNDT_WR
T.HIGBEE,WR,LA,2023,16.0,38.9,21.0,0.0,129.0,0.0,14.0,2.0,0.0,0.0,0.0,0.0,T.HIGBEE,37.2,20.0,0.0,9.57746478873239,15.473160153023285,2,31.0,20.0,0.0,0.0,0.0,0.6666666666666666,6.142857142857143,2.43125,21.0,T.HIGBEE,T.HIGBEE_WR
T.SERMON,WR,IND,2023,16.0,39.2,14.0,44.0,71.0,141.0,12.0,0.0,1.0,0.0,0.0,0.0,T.SERMON,36.55,13.0,43.5,15.634218289085558,9.752736925421996,2,31.0,56.5,0.0,0.0,0.0,0.8571428571428571,5.071428571428571,2.45,58.0,T.SERMON,T.SERMON_WR
R.JOHNSON,WR,CHI,2023,16.0,31.4,19.0,27.0,92.0,102.0,12.0,0.0,0.0,0.0,0.0,0.0,R.JOHNSON,30.75,18.5,28.0,4.3189368770764025,33.45159003305598,2,31.0,46.5,0.0,0.0,0.0,0.631578947368421,4.842105263157895,1.9625,46.0,R.JOHNSON,R.JOHNSON_WR
E.HIGGINS,WR,ARI,2023,16.0,34.6,23.0,0.0,146.0,0.0,14.0,1.0,0.0,0.0,0.0,0.0,E.HIGGINS,32.35,17.0,0.0,14.950166112956808,10.166624165059917,2,31.0,17.0,0.0,0.0,0.0,0.6086956521739131,6.3478260869565215,2.1625,23.0,E.HIGGINS,E.HIGGINS_WR
T.TREMBLE,WR,CAR,2023,16.0,32.8,24.0,0.0,178.0,0.0,15.0,0.0,0.0,0.0,0.0,0.0,T.TREMBLE,28.299999999999997,21.0,0.0,37.81512605042015,4.446915979462067,2,31.0,21.0,0.0,0.0,0.0,0.625,7.416666666666667,2.05,24.0,T.TREMBLE,T.TREMBLE_WR
I.DAVIS,WR,NYJ,2023,16.0,27.4,10.0,25.0,58.0,136.0,8.0,0.0,0.0,0.0,0.0,0.0,I.DAVIS,23.799999999999997,9.5,24.5,35.64356435643564,4.674761497844397,2,31.0,34.0,0.0,0.0,0.0,0.8,5.8,1.7125,35.0,I.DAVIS,I.DAVIS_WR
C.MCCAFFREY,WR,SF,2023,16.0,36.3,12.0,43.0,121.0,152.0,9.0,0.0,0.0,0.0,0.0,0.0,C.MCCAFFREY,32.3,10.5,35.5,28.2685512367491,5.709887258081373,2,31.0,46.0,0.0,0.0,0.0,0.75,10.083333333333334,2.26875,55.0,C.MCCAFFREY,C.MCCAFFREY_WR
C.BROOKS,WR,GB,2023,16.0,32.8,10.0,24.0,70.0,148.0,11.0,0.0,0.0,0.0,0.0,0.0,C.BROOKS,29.349999999999998,11.0,21.0,26.640926640926637,6.015531602268165,2,31.0,32.0,0.0,0.0,0.0,1.1,7.0,2.05,34.0,C.BROOKS,C.BROOKS_WR
D.WASHINGTON,WR,PIT,2023,16.0,34.5,24.0,0.0,215.0,0.0,13.0,0.0,0.0,0.0,0.0,0.0,D.WASHINGTON,32.05,20.0,0.0,16.55405405405405,9.250111157970961,2,31.0,20.0,0.0,0.0,0.0,0.5416666666666666,8.958333333333334,2.15625,24.0,D.WASHINGTON,D.WASHINGTON_WR
A.TRAUTMAN,WR,DEN,2023,16.0,33.5,20.0,0.0,175.0,0.0,10.0,1.0,0.0,0.0,0.0,0.0,A.TRAUTMAN,30.7,17.5,0.0,20.071684587813625,7.752920779438215,2,31.0,17.5,0.0,0.0,0.0,0.5,8.75,2.09375,20.0,A.TRAUTMAN,A.TRAUTMAN_WR
N.VANNETT,WR,TEN,2023,16.0,31.7,15.0,0.0,87.0,0.0,11.0,2.0,0.0,0.0,0.0,0.0,N.VANNETT,29.9,12.0,0.0,12.811387900355864,11.74582930970988,2,31.0,12.0,0.0,0.0,0.0,0.7333333333333333,5.8,1.98125,15.0,N.VANNETT,N.VANNETT_WR
B.CLEVELAND,WR,BAL,2023,16.0,27.3,0.0,10.0,0.0,33.0,0.0,0.0,4.0,0.0,0.0,0.0,B.CLEVELAND,27.1,0.0,9.5,1.4869888475836512,95.81296885077668,2,31.0,9.5,0.0,0.0,0.0,0.0,0.0,1.70625,10.0,B.CLEVELAND,B.CLEVELAND_WR
T.GOODSON,WR,IND,2023,16.0,22.8,12.0,27.0,35.0,113.0,8.0,0.0,0.0,0.0,0.0,0.0,T.GOODSON,21.05,10.0,24.5,18.134715025906736,8.505484425129614,2,31.0,34.5,0.0,0.0,0.0,0.6666666666666666,2.9166666666666665,1.425,39.0,T.GOODSON,T.GOODSON_WR
D.PIERCE,WR,HOU,2023,16.0,28.8,3.0,26.0,1.0,217.0,1.0,0.0,1.0,0.0,0.0,0.0,D.PIERCE,29.5,3.0,25.5,-4.635761589403969,29.79950006429025,2,31.0,28.5,0.0,0.0,0.0,0.3333333333333333,0.3333333333333333,1.8,29.0,D.PIERCE,D.PIERCE_WR
A.ESTIME,WR,DEN,2023,16.0,27.4,4.0,40.0,28.0,206.0,4.0,0.0,0.0,0.0,0.0,0.0,A.ESTIME,27.049999999999997,3.5,41.5,2.621722846441945,54.649252660274655,2,31.0,45.0,0.0,0.0,0.0,1.0,7.0,1.7125,44.0,A.ESTIME,A.ESTIME_WR
N.ADKINS,WR,DEN,2023,16.0,23.1,12.0,0.0,71.0,0.0,10.0,1.0,0.0,0.0,0.0,0.0,N.ADKINS,22.05,10.0,0.0,10.000000000000005,14.849242404917488,2,31.0,10.0,0.0,0.0,0.0,0.8333333333333334,5.916666666666667,1.44375,12.0,N.ADKINS,N.ADKINS_WR
G.SMITH,WR,SEA,2023,16.0,31.0,1.0,25.0,0.0,250.0,0.0,0.0,1.0,0.0,0.0,0.0,G.SMITH,31.0,1.0,24.5,0.0,0.0,2,31.0,25.5,0.0,0.0,0.0,0.0,0.0,1.9375,26.0,G.SMITH,G.SMITH_WR
C.STROUD,WR,HOU,2023,16.0,36.0,1.0,43.0,17.0,333.0,1.0,0.0,0.0,0.0,0.0,0.0,C.STROUD,31.65,1.5,39.0,31.868131868131865,5.1448114079435,2,31.0,40.5,0.0,0.0,0.0,1.0,17.0,2.25,44.0,C.STROUD,C.STROUD_WR
C.STOVER,WR,HOU,2023,16.0,23.0,14.0,0.0,90.0,0.0,14.0,0.0,0.0,0.0,0.0,0.0,C.STOVER,24.9,15.0,0.0,-14.179104477611942,9.266820448181594,2,31.0,15.0,0.0,0.0,0.0,1.0,6.428571428571429,1.4375,14.0,C.STOVER,C.STOVER_WR
D.SAMPLE,WR,CIN,2023,16.0,24.0,16.0,0.0,80.0,0.0,16.0,0.0,0.0,0.0,0.0,0.0,D.SAMPLE,23.9,17.5,0.0,0.8403361344537785,168.99852070358546,2,31.0,17.5,0.0,0.0,0.0,1.0,5.0,1.5,16.0,D.SAMPLE,D.SAMPLE_WR
K.GRANSON,WR,IND,2023,16.0,33.0,27.0,0.0,170.0,0.0,16.0,0.0,0.0,0.0,0.0,0.0,K.GRANSON,30.3,23.5,0.0,19.56521739130434,7.935309433315702,2,31.0,23.5,0.0,0.0,0.0,0.5925925925925926,6.296296296296297,2.0625,27.0,K.GRANSON,K.GRANSON_WR
M.MAYER,WR,LV,2023,16.0,25.2,19.0,0.0,82.0,0.0,17.0,0.0,0.0,0.0,0.0,0.0,M.MAYER,25.7,20.0,0.0,-3.816793893129771,36.34528855298854,2,31.0,20.0,0.0,0.0,0.0,0.8947368421052632,4.315789473684211,1.575,19.0,M.MAYER,M.MAYER_WR
D.FOREMAN,WR,CLE,2023,16.0,26.8,6.0,40.0,52.0,166.0,5.0,0.0,0.0,0.0,0.0,0.0,D.FOREMAN,29.05,6.0,46.0,-14.376996805111823,9.129534219319646,2,31.0,52.0,0.0,0.0,0.0,0.8333333333333334,8.666666666666666,1.675,46.0,D.FOREMAN,D.FOREMAN_WR
B.CORUM,WR,LA,2023,16.0,26.9,7.0,50.0,34.0,195.0,4.0,0.0,0.0,0.0,0.0,0.0,B.CORUM,26.049999999999997,6.5,44.0,6.7460317460317425,21.67074311754067,2,31.0,50.5,0.0,0.0,0.0,0.5714285714285714,4.857142857142857,1.68125,57.0,B.CORUM,B.CORUM_WR
K.VIDAL,WR,LAC,2023,16.0,20.9,6.0,37.0,40.0,119.0,5.0,0.0,0.0,0.0,0.0,0.0,K.VIDAL,19.85,6.5,33.0,11.170212765957436,13.367685339574269,2,31.0,39.5,0.0,0.0,0.0,0.8333333333333334,6.666666666666667,1.30625,43.0,K.VIDAL,K.VIDAL_WR
D.JONES,WR,GB,2023,16.0,21.0,0.0,27.0,0.0,210.0,0.0,0.0,0.0,0.0,0.0,0.0,D.JONES,23.1,0.0,32.5,-16.666666666666664,7.778174593052024,2,31.0,32.5,0.0,0.0,0.0,0.0,0.0,1.3125,27.0,D.JONES,D.JONES_WR
W.SHIPLEY,WR,PHI,2023,16.0,20.4,3.0,19.0,22.0,102.0,2.0,0.0,1.0,0.0,0.0,0.0,W.SHIPLEY,22.5,2.5,17.5,-17.073170731707325,7.576144084141575,2,31.0,20.0,0.0,0.0,0.0,0.6666666666666666,7.333333333333333,1.275,22.0,W.SHIPLEY,W.SHIPLEY_WR
E.ALL,WR,CIN,2023,16.0,26.2,14.0,0.0,102.0,0.0,16.0,0.0,0.0,0.0,0.0,0.0,E.ALL,24.299999999999997,15.0,0.0,16.96428571428572,9.043523569912157,2,31.0,15.0,0.0,0.0,0.0,1.1428571428571428,7.285714285714286,1.6375,14.0,E.ALL,E.ALL_WR
S.SMARTT,WR,LAC,2023,16.0,27.4,13.0,0.0,174.0,0.0,10.0,0.0,0.0,0.0,0.0,0.0,S.SMARTT,22.85,14.0,0.0,49.72677595628414,3.551074714310465,2,31.0,14.0,0.0,0.0,0.0,0.7692307692307693,13.384615384615385,1.7125,13.0,S.SMARTT,S.SMARTT_WR
P.DURHAM,WR,TB,2023,16.0,21.8,8.0,0.0,78.0,0.0,8.0,1.0,0.0,0.0,0.0,0.0,P.DURHAM,21.05,7.5,0.0,7.389162561576354,19.846130325302436,2,31.0,7.5,0.0,0.0,0.0,1.0,9.75,1.3625,8.0,P.DURHAM,P.DURHAM_WR
D.LOCK,WR,NYG,2023,16.0,23.8,1.0,9.0,0.0,108.0,1.0,0.0,2.0,0.0,0.0,0.0,D.LOCK,24.25,1.0,7.5,-3.6437246963562693,38.10519876394179,2,31.0,8.5,0.0,0.0,0.0,1.0,0.0,1.4875,10.0,D.LOCK,D.LOCK_WR
L.KRULL,WR,DEN,2023,16.0,21.7,18.0,0.0,87.0,0.0,13.0,0.0,0.0,0.0,0.0,0.0,L.KRULL,21.75,15.0,0.0,-0.45871559633028175,307.5914498161438,2,31.0,15.0,0.0,0.0,0.0,0.7222222222222222,4.833333333333333,1.35625,18.0,L.KRULL,L.KRULL_WR
P.STRONG,WR,CLE,2023,16.0,27.9,17.0,23.0,94.0,95.0,9.0,0.0,0.0,0.0,0.0,0.0,P.STRONG,26.4,13.5,19.0,12.048192771084338,12.445079348883237,2,31.0,32.5,0.0,0.0,0.0,0.5294117647058824,5.529411764705882,1.74375,40.0,P.STRONG,P.STRONG_WR
M.ALIE,WR,IND,2023,16.0,18.7,14.0,0.0,87.0,0.0,10.0,0.0,0.0,0.0,0.0,0.0,M.ALIE,17.15,13.0,0.0,19.871794871794872,7.823794385386639,2,31.0,13.0,0.0,0.0,0.0,0.7142857142857143,6.214285714285714,1.16875,14.0,M.ALIE,M.ALIE_WR
S.DARNOLD,WR,MIN,2023,16.0,19.4,1.0,44.0,0.0,194.0,0.0,0.0,0.0,0.0,0.0,0.0,S.DARNOLD,19.4,0.5,34.0,0.0,0.0,2,31.0,34.5,0.0,0.0,0.0,0.0,0.0,1.2125,45.0,S.DARNOLD,S.DARNOLD_WR
K.MILLER,WR,NO,2023,16.0,20.2,5.0,26.0,26.0,136.0,4.0,0.0,0.0,0.0,0.0,0.0,K.MILLER,19.65,4.5,26.0,5.75916230366491,25.26299681875579,2,31.0,30.5,0.0,0.0,0.0,0.8,5.2,1.2625,31.0,K.MILLER,K.MILLER_WR
C.RODRIGUEZ,WR,WAS,2023,16.0,17.7,0.0,22.0,9.0,108.0,0.0,0.0,1.0,0.0,0.0,0.0,C.RODRIGUEZ,17.2,0.0,21.5,5.9880239520958085,24.324473272817233,2,31.0,21.5,0.0,0.0,0.0,0.0,9.0,1.10625,22.0,C.RODRIGUEZ,C.RODRIGUEZ_WR
T.CHANDLER,WR,MIN,2023,16.0,23.3,5.0,42.0,31.0,162.0,4.0,0.0,0.0,0.0,0.0,0.0,T.CHANDLER,22.4,4.0,41.5,8.372093023255816,17.59910210953184,2,31.0,45.5,0.0,0.0,0.0,0.8,6.2,1.45625,47.0,T.CHANDLER,T.CHANDLER_WR
M.RUDOLPH,WR,TEN,2023,16.0,11.7,5.0,13.0,30.0,77.0,1.0,0.0,0.0,0.0,0.0,0.0,M.RUDOLPH,10.1,4.5,13.0,37.647058823529406,4.463611556240082,2,31.0,17.5,0.0,0.0,0.0,0.2,6.0,0.73125,18.0,M.RUDOLPH,M.RUDOLPH_WR
J.HASTY,WR,NE,2023,16.0,12.6,9.0,13.0,40.0,46.0,4.0,0.0,0.0,0.0,0.0,0.0,J.HASTY,12.75,8.0,12.5,-2.3255813953488427,60.1040764008564,2,31.0,20.5,0.0,0.0,0.0,0.4444444444444444,4.444444444444445,0.7875,22.0,J.HASTY,J.HASTY_WR
S.MCCORMICK,WR,LV,2023,16.0,16.2,5.0,31.0,29.0,93.0,4.0,0.0,0.0,0.0,0.0,0.0,S.MCCORMICK,16.9,5.0,29.0,-7.954545454545466,17.071578002932334,2,31.0,34.0,0.0,0.0,0.0,0.8,5.8,1.0125,36.0,S.MCCORMICK,S.MCCORMICK_WR
J.MIMS,WR,NO,2023,16.0,20.7,16.0,15.0,55.0,62.0,9.0,0.0,0.0,0.0,0.0,0.0,J.MIMS,19.15,15.5,12.5,17.61363636363635,8.736190232078965,2,31.0,28.0,0.0,0.0,0.0,0.5625,3.4375,1.29375,31.0,J.MIMS,J.MIMS_WR
J.RUCKERT,WR,NYJ,2023,16.0,20.8,15.0,0.0,68.0,0.0,14.0,0.0,0.0,0.0,0.0,0.0,J.RUCKERT,19.25,16.5,0.0,17.51412429378532,8.78181002441357,2,31.0,16.5,0.0,0.0,0.0,0.9333333333333333,4.533333333333333,1.3,15.0,J.RUCKERT,J.RUCKERT_WR
A.INGOLD,WR,MIA,2023,16.0,16.1,11.0,8.0,70.0,11.0,8.0,0.0,0.0,0.0,0.0,0.0,A.INGOLD,14.3,10.0,8.0,28.800000000000008,5.61757053942646,2,31.0,18.0,0.0,0.0,0.0,0.7272727272727273,6.363636363636363,1.00625,19.0,A.INGOLD,A.INGOLD_WR
D.BELLINGER,WR,NYG,2023,16.0,21.3,13.0,0.0,83.0,0.0,13.0,0.0,0.0,0.0,0.0,0.0,D.BELLINGER,18.75,14.0,0.0,31.481481481481495,5.199314567548142,2,31.0,14.0,0.0,0.0,0.0,1.0,6.384615384615385,1.33125,13.0,D.BELLINGER,D.BELLINGER_WR
D.SKIPPER,WR,DET,2023,16.0,16.9,0.0,27.0,0.0,109.0,0.0,0.0,1.0,0.0,0.0,0.0,D.SKIPPER,15.25,0.0,26.5,24.26470588235293,6.535380856421122,2,31.0,26.5,0.0,0.0,0.0,0.0,0.0,1.05625,27.0,D.SKIPPER,D.SKIPPER_WR
E.GRAY,WR,NYG,2023,16.0,15.3,8.0,9.0,52.0,21.0,8.0,0.0,0.0,0.0,0.0,0.0,E.GRAY,12.9,8.0,9.0,45.714285714285715,3.8006989488776926,2,31.0,17.0,0.0,0.0,0.0,1.0,6.5,0.95625,17.0,E.GRAY,E.GRAY_WR
M.PEART,WR,DEN,2023,16.0,19.4,0.0,30.0,0.0,74.0,0.0,0.0,2.0,0.0,0.0,0.0,M.PEART,16.299999999999997,0.0,26.0,46.96969696969697,3.7180130752712013,2,31.0,26.0,0.0,0.0,0.0,0.0,0.0,1.2125,30.0,M.PEART,M.PEART_WR
H.LUEPKE,WR,DAL,2023,16.0,18.8,12.0,10.0,78.0,30.0,8.0,0.0,0.0,0.0,0.0,0.0,H.LUEPKE,18.4,10.0,8.5,4.444444444444448,32.52691193458115,2,31.0,18.5,0.0,0.0,0.0,0.6666666666666666,6.5,1.175,22.0,H.LUEPKE,H.LUEPKE_WR
M.BROWN,WR,KC,2023,16.0,22.9,25.0,0.0,129.0,0.0,10.0,0.0,0.0,0.0,0.0,0.0,M.BROWN,18.549999999999997,19.0,0.0,61.267605633802816,3.0153634002322884,2,31.0,19.0,0.0,0.0,0.0,0.4,5.16,1.43125,25.0,M.BROWN,M.BROWN_WR
T.HUNTLEY,WR,MIA,2023,16.0,15.7,0.0,17.0,0.0,97.0,0.0,0.0,1.0,0.0,0.0,0.0,T.HUNTLEY,14.5,0.0,15.5,18.045112781954874,8.544206939337453,2,31.0,15.5,0.0,0.0,0.0,0.0,0.0,0.98125,17.0,T.HUNTLEY,T.HUNTLEY_WR
K.MCINTOSH,WR,SEA,2023,16.0,19.0,3.0,22.0,16.0,154.0,2.0,0.0,0.0,0.0,0.0,0.0,K.MCINTOSH,17.8,2.5,19.5,14.457831325301196,10.48875058760046,2,31.0,22.0,0.0,0.0,0.0,0.6666666666666666,5.333333333333333,1.1875,25.0,K.MCINTOSH,K.MCINTOSH_WR
D.THOMPSON,WR,CLE,2023,16.0,11.2,5.0,16.0,3.0,99.0,1.0,0.0,0.0,0.0,0.0,0.0,D.THOMPSON,11.0,5.5,15.5,3.7037037037036904,38.89087296526025,2,31.0,21.0,0.0,0.0,0.0,0.2,0.6,0.7,21.0,D.THOMPSON,D.THOMPSON_WR
D.WATSON,WR,CLE,2023,16.0,17.0,2.0,20.0,5.0,145.0,2.0,0.0,0.0,0.0,0.0,0.0,D.WATSON,16.75,1.5,18.5,3.0303030303030303,47.37615433949868,2,31.0,20.0,0.0,0.0,0.0,1.0,2.5,1.0625,22.0,D.WATSON,D.WATSON_WR
H.HASKINS,WR,LAC,2023,16.0,11.4,3.0,17.0,33.0,61.0,2.0,0.0,0.0,0.0,0.0,0.0,H.HASKINS,10.4,2.5,18.5,21.27659574468085,7.353910524340094,2,31.0,21.0,0.0,0.0,0.0,0.6666666666666666,11.0,0.7125,20.0,H.HASKINS,H.HASKINS_WR
M.WILLIS,WR,GB,2023,16.0,12.4,0.0,14.0,0.0,124.0,0.0,0.0,0.0,0.0,0.0,0.0,M.WILLIS,10.95,0.0,13.0,30.526315789473692,5.3398753475811676,2,31.0,13.0,0.0,0.0,0.0,0.0,0.0,0.775,14.0,M.WILLIS,M.WILLIS_WR
W.LEVIS,WR,TEN,2023,16.0,12.4,0.0,33.0,2.0,122.0,0.0,0.0,0.0,0.0,0.0,0.0,W.LEVIS,11.4,0.0,27.5,19.23076923076923,8.061017305526642,2,31.0,27.5,0.0,0.0,0.0,0.0,2.0,0.775,33.0,W.LEVIS,W.LEVIS_WR
J.LOVE,WR,GB,2023,16.0,10.7,1.0,14.0,10.0,87.0,1.0,0.0,0.0,0.0,0.0,0.0,J.LOVE,9.1,1.0,13.0,42.66666666666666,4.0216698179984895,2,31.0,14.0,0.0,0.0,0.0,1.0,10.0,0.66875,15.0,J.LOVE,J.LOVE_WR
T.MUNFORD,WR,LV,2023,16.0,11.2,0.0,19.0,0.0,52.0,0.0,0.0,1.0,0.0,0.0,0.0,T.MUNFORD,10.7,0.0,16.5,9.803921568627452,15.132085117392116,2,31.0,16.5,0.0,0.0,0.0,0.0,0.0,0.7,19.0,T.MUNFORD,T.MUNFORD_WR
R.RIVERS,WR,LA,2023,16.0,11.0,5.0,19.0,22.0,68.0,2.0,0.0,0.0,0.0,0.0,0.0,R.RIVERS,11.1,4.5,18.5,-1.7857142857142794,78.48885271170705,2,31.0,23.0,0.0,0.0,0.0,0.4,4.4,0.6875,24.0,R.RIVERS,R.RIVERS_WR
K.OSBORN,WR,NE,2023,16.0,9.1,12.0,0.0,31.0,0.0,6.0,0.0,0.0,0.0,0.0,0.0,K.OSBORN,8.3,11.5,0.0,21.33333333333333,7.336232854810433,2,31.0,11.5,0.0,0.0,0.0,0.5,2.5833333333333335,0.56875,12.0,K.OSBORN,K.OSBORN_WR
L.FARRELL,WR,JAX,2023,16.0,12.9,14.0,0.0,59.0,0.0,7.0,0.0,0.0,0.0,0.0,0.0,L.FARRELL,11.850000000000001,12.5,0.0,19.44444444444444,7.980205101962468,2,31.0,12.5,0.0,0.0,0.0,0.5,4.214285714285714,0.80625,14.0,L.FARRELL,L.FARRELL_WR
J.WINSTON,WR,CLE,2023,16.0,8.1,4.0,14.0,11.0,70.0,0.0,0.0,0.0,0.0,0.0,0.0,J.WINSTON,7.35,4.0,13.0,22.72727272727273,6.929646455628166,2,31.0,17.0,0.0,0.0,0.0,0.0,2.75,0.50625,18.0,J.WINSTON,J.WINSTON_WR
C.ZAVALA,WR,CAR,2023,16.0,6.7,0.0,16.0,0.0,67.0,0.0,0.0,0.0,0.0,0.0,0.0,C.ZAVALA,6.75,0.0,16.5,-1.4705882352941124,95.45941546018426,2,31.0,16.5,0.0,0.0,0.0,0.0,0.0,0.41875,16.0,C.ZAVALA,C.ZAVALA_WR
C.REYNOLDS,WR,DET,2023,16.0,10.4,2.0,16.0,29.0,65.0,1.0,0.0,0.0,0.0,0.0,0.0,C.REYNOLDS,10.15,2.0,15.5,5.05050505050505,28.70853531617383,2,31.0,17.5,0.0,0.0,0.0,0.5,14.5,0.65,18.0,C.REYNOLDS,C.REYNOLDS_WR
H.HURST,WR,LAC,2023,16.0,12.8,11.0,0.0,58.0,0.0,7.0,0.0,0.0,0.0,0.0,0.0,H.HURST,10.55,11.0,0.0,54.21686746987952,3.31554512956359,2,31.0,11.0,0.0,0.0,0.0,0.6363636363636364,5.2727272727272725,0.8,11.0,H.HURST,H.HURST_WR
S.RATTLER,WR,NO,2022,15.0,12.4,0.0,11.0,0.0,124.0,0.0,0.0,0.0,0.0,0.0,0.0,S.RATTLER,12.4,0.0,11.0,0.0,0.0,1,15.0,11.0,0.0,0.0,0.0,0.0,0.0,0.8266666666666667,11.0,S.RATTLER,S.RATTLER_WR
D.VAUGHN,WR,DAL,2023,16.0,7.7,5.0,10.0,15.0,42.0,2.0,0.0,0.0,0.0,0.0,0.0,D.VAUGHN,8.0,5.0,10.0,-7.228915662650608,18.85618083164125,2,31.0,15.0,0.0,0.0,0.0,0.4,3.0,0.48125,15.0,D.VAUGHN,D.VAUGHN_WR
J.CHESTNUT,WR,TEN,2023,16.0,8.8,2.0,13.0,9.0,69.0,1.0,0.0,0.0,0.0,0.0,0.0,J.CHESTNUT,7.45,2.0,12.0,44.26229508196723,3.9021818665479833,2,31.0,14.0,0.0,0.0,0.0,0.5,4.5,0.55,15.0,J.CHESTNUT,J.CHESTNUT_WR
T.BADIE,WR,DEN,2023,16.0,8.4,2.0,9.0,0.0,74.0,1.0,0.0,0.0,0.0,0.0,0.0,T.BADIE,7.800000000000001,1.5,9.5,16.666666666666668,9.192388155425117,2,31.0,11.0,0.0,0.0,0.0,0.5,0.0,0.525,11.0,T.BADIE,T.BADIE_WR
G.MINSHEW,WR,LV,2023,16.0,8.5,5.0,8.0,20.0,45.0,2.0,0.0,0.0,0.0,0.0,0.0,G.MINSHEW,8.15,4.5,7.5,8.974358974358978,16.465486476201033,2,31.0,12.0,0.0,0.0,0.0,0.4,4.0,0.53125,13.0,G.MINSHEW,G.MINSHEW_WR
J.OJUKWU,WR,TEN,2023,16.0,18.6,0.0,19.0,0.0,66.0,0.0,0.0,2.0,0.0,0.0,0.0,J.OJUKWU,18.6,0.0,19.0,0.0,0.0,1,16.0,19.0,0.0,0.0,0.0,0.0,0.0,1.1625,19.0,J.OJUKWU,J.OJUKWU_WR
B.WRIGHT,WR,DET,2023,16.0,19.8,11.0,0.0,58.0,0.0,8.0,1.0,0.0,0.0,0.0,0.0,B.WRIGHT,19.8,11.0,0.0,0.0,0.0,1,16.0,11.0,0.0,0.0,0.0,0.7272727272727273,5.2727272727272725,1.2375,11.0,B.WRIGHT,B.WRIGHT_WR
T.LAWRENCE,WR,JAX,2023,16.0,21.3,0.0,18.0,0.0,93.0,0.0,0.0,2.0,0.0,0.0,0.0,T.LAWRENCE,21.3,0.0,18.0,0.0,0.0,1,16.0,18.0,0.0,0.0,0.0,0.0,0.0,1.33125,18.0,T.LAWRENCE,T.LAWRENCE_WR
A.OGLETREE,WR,IND,2023,16.0,15.8,12.0,0.0,88.0,0.0,7.0,0.0,0.0,0.0,0.0,0.0,A.OGLETREE,15.8,12.0,0.0,0.0,0.0,1,16.0,12.0,0.0,0.0,0.0,0.5833333333333334,7.333333333333333,0.9875,12.0,A.OGLETREE,A.OGLETREE_WR
E.SAUBERT,WR,SF,2023,16.0,14.8,11.0,0.0,48.0,0.0,10.0,0.0,0.0,0.0,0.0,0.0,E.SAUBERT,14.8,11.0,0.0,0.0,0.0,1,16.0,11.0,0.0,0.0,0.0,0.9090909090909091,4.363636363636363,0.925,11.0,E.SAUBERT,E.SAUBERT_WR
B.HANCE,WR,JAX,2023,16.0,10.0,0.0,12.0,0.0,40.0,0.0,0.0,1.0,0.0,0.0,0.0,B.HANCE,10.0,0.0,12.0,0.0,0.0,1,16.0,12.0,0.0,0.0,0.0,0.0,0.0,0.625,12.0,B.HANCE,B.HANCE_WR
A.O,WR,LV,2023,16.0,7.5,3.0,8.0,20.0,45.0,1.0,0.0,0.0,0.0,0.0,0.0,A.O,7.5,3.0,8.0,0.0,0.0,1,16.0,11.0,0.0,0.0,0.0,0.3333333333333333,6.666666666666667,0.46875,11.0,A.O,A.O_WR
D.SMYTHE,WR,MIA,2023,16.0,11.9,15.0,0.0,49.0,0.0,7.0,0.0,0.0,0.0,0.0,0.0,D.SMYTHE,11.9,15.0,0.0,0.0,0.0,1,16.0,15.0,0.0,0.0,0.0,0.4666666666666667,3.2666666666666666,0.74375,15.0,D.SMYTHE,D.SMYTHE_WR
C.WALLACE,WR,NE,2023,16.0,5.9,0.0,14.0,0.0,59.0,0.0,0.0,0.0,0.0,0.0,0.0,C.WALLACE,5.9,0.0,14.0,0.0,0.0,1,16.0,14.0,0.0,0.0,0.0,0.0,0.0,0.36875,14.0,C.WALLACE,C.WALLACE_WR
M.MARIOTA,WR,WAS,2023,16.0,7.5,0.0,12.0,0.0,75.0,0.0,0.0,0.0,0.0,0.0,0.0,M.MARIOTA,7.5,0.0,12.0,0.0,0.0,1,16.0,12.0,0.0,0.0,0.0,0.0,0.0,0.46875,12.0,M.MARIOTA,M.MARIOTA_WR
G.DULCICH,WR,DEN,2023,16.0,6.8,11.0,0.0,28.0,0.0,4.0,0.0,0.0,0.0,0.0,0.0,G.DULCICH,6.8,11.0,0.0,0.0,0.0,1,16.0,11.0,0.0,0.0,0.0,0.36363636363636365,2.5454545454545454,0.425,11.0,G.DULCICH,G.DULCICH_WR
J.BRISSETT,WR,NE,2023,16.0,6.7,1.0,11.0,3.0,64.0,0.0,0.0,0.0,0.0,0.0,0.0,J.BRISSETT,6.7,1.0,11.0,0.0,0.0,1,16.0,12.0,0.0,0.0,0.0,0.0,3.0,0.41875,12.0,J.BRISSETT,J.BRISSETT_WR
TRAVIS KELCE,TE,KC,2024,17.0,197.3,106.0,0.0,823.0,0.0,97.0,3.0,0.0,0.0,0.0,0.0,TRAVIS KELCE,149.43333333333334,92.66666666666667,0.0,49.01812688821752,3.555897759488675,3,48.0,92.66666666666667,0.0,0.0,0.0,0.9150943396226415,7.764150943396227,11.605882352941178,106.0,TRAVIS KELCE,TRAVIS KELCE_TE
R.WHITE,TE,TB,2023,16.0,153.6,34.0,94.0,329.0,517.0,33.0,4.0,2.0,0.0,0.0,0.0,R.WHITE,141.95,37.5,98.5,17.881811204911727,8.615777475487596,2,31.0,136.0,0.0,0.0,0.0,0.9705882352941176,9.676470588235293,9.6,128.0,R.WHITE,R.WHITE_TE
R.BATEMAN,TE,BAL,2023,16.0,147.8,59.0,0.0,648.0,0.0,35.0,8.0,0.0,0.0,0.0,0.0,R.BATEMAN,145.7,54.0,0.0,2.924791086350987,49.05974191375217,2,31.0,54.0,0.0,0.0,0.0,0.5932203389830508,10.983050847457626,9.2375,59.0,R.BATEMAN,R.BATEMAN_TE
R.STEVENSON,TE,NE,2023,16.0,84.5,36.0,137.0,115.0,410.0,20.0,0.0,2.0,0.0,0.0,0.0,R.STEVENSON,95.05,37.5,129.5,-19.981060606060602,6.370663464623826,2,31.0,167.0,0.0,0.0,0.0,0.5555555555555556,3.1944444444444446,5.28125,173.0,R.STEVENSON,R.STEVENSON_TE
K.BOUTTE,TE,NE,2023,16.0,80.3,56.0,0.0,413.0,0.0,27.0,2.0,0.0,0.0,0.0,0.0,K.BOUTTE,79.25,47.0,0.0,2.685421994884903,53.36972610384195,2,31.0,47.0,0.0,0.0,0.0,0.48214285714285715,7.375,5.01875,56.0,K.BOUTTE,K.BOUTTE_TE
X.LEGETTE,TE,CAR,2023,16.0,74.2,70.0,4.0,360.0,12.0,25.0,2.0,0.0,0.0,0.0,0.0,X.LEGETTE,72.30000000000001,68.0,3.0,5.397727272727268,26.907273831467073,2,31.0,71.0,0.0,0.0,0.0,0.35714285714285715,5.142857142857143,4.6375,74.0,X.LEGETTE,X.LEGETTE_TE
R.MOSTERT,TE,MIA,2023,16.0,59.5,19.0,78.0,123.0,292.0,12.0,0.0,1.0,0.0,0.0,0.0,R.MOSTERT,57.15,17.0,67.0,8.57664233576643,17.196235125451558,2,31.0,84.0,0.0,0.0,0.0,0.631578947368421,6.473684210526316,3.71875,97.0,R.MOSTERT,R.MOSTERT_TE
Z.WHITE,TE,LV,2023,16.0,32.8,6.0,49.0,20.0,148.0,4.0,0.0,2.0,0.0,0.0,0.0,Z.WHITE,29.4,5.0,50.0,26.153846153846143,6.114393931436619,2,31.0,55.0,0.0,0.0,0.0,0.6666666666666666,3.3333333333333335,2.05,55.0,Z.WHITE,Z.WHITE_TE
C.PATTERSON,TE,PIT,2023,16.0,23.0,9.0,25.0,57.0,93.0,8.0,0.0,0.0,0.0,0.0,0.0,C.PATTERSON,21.85,8.5,24.0,11.111111111111114,13.435028842544401,2,31.0,32.5,0.0,0.0,0.0,0.8888888888888888,6.333333333333333,1.4375,34.0,C.PATTERSON,C.PATTERSON_TE
M.CARTER,TE,ARI,2023,16.0,26.9,8.0,28.0,62.0,127.0,8.0,0.0,0.0,0.0,0.0,0.0,M.CARTER,24.15,7.5,22.5,25.700934579439256,6.2096831875109535,2,31.0,30.0,0.0,0.0,0.0,1.0,7.75,1.68125,36.0,M.CARTER,M.CARTER_TE
C.STEELE,TE,KC,2023,16.0,16.7,8.0,40.0,24.0,103.0,4.0,0.0,0.0,0.0,0.0,0.0,C.STEELE,17.9,7.0,35.0,-12.56544502617802,10.547676152699324,2,31.0,42.0,0.0,0.0,0.0,0.5,3.0,1.04375,48.0,C.STEELE,C.STEELE_TE
D.CARTER,TE,CHI,2023,16.0,11.6,12.0,0.0,56.0,0.0,6.0,0.0,0.0,0.0,0.0,0.0,D.CARTER,11.05,12.0,0.0,10.476190476190473,14.20641805838428,2,31.0,12.0,0.0,0.0,0.0,0.5,4.666666666666667,0.725,12.0,D.CARTER,D.CARTER_TE
B.CHRISTENSEN,TE,CAR,2023,16.0,7.3,0.0,16.0,0.0,73.0,0.0,0.0,0.0,0.0,0.0,0.0,B.CHRISTENSEN,6.449999999999999,0.0,17.0,30.35714285714286,5.365692633709683,2,31.0,17.0,0.0,0.0,0.0,0.0,0.0,0.45625,16.0,B.CHRISTENSEN,B.CHRISTENSEN_TE
