clean_name,season,position,games,fantasy_points_ppr,targets,carries,receiving_yards,rushing_yards,receptions,receiving_tds,rushing_tds,passing_yards,passing_tds,interceptions,team,name,player_key,avg_fantasy_points_3yr,avg_targets_3yr,avg_carries_3yr,performance_trend_pct,consistency_score,seasons_played,total_games,avg_opportunity,total_touches,yards_per_touch,passing_efficiency,catch_rate,yards_per_target,points_per_game,opportunity_share
AABDULLAH,2023,RB,16.0,98.4,35.0,43.0,184.0,300.0,26.0,3.0,1.0,0.0,0.0,0.0,LV,A.ABDULLAH,AABDULLAH_RB,92.85,27.0,42.5,12.714776632302415,11.829705339310069,2,31.0,69.5,78.0,6.205128205128205,0.0,0.0,0.0,6.15,78.0
AANDERSON,2023,RB,16.0,64.1,0.0,90.0,0.0,401.0,0.0,0.0,4.0,0.0,0.0,0.0,BUF,A.ANDERSON,AANDERSON_RB,65.44999999999999,0.0,75.0,-4.041916167664675,34.28158431752554,2,31.0,75.0,90.0,4.455555555555556,0.0,0.0,0.0,4.00625,90.0
ABARNER,2023,WR,16.0,49.5,28.0,0.0,195.0,0.0,18.0,2.0,0.0,0.0,0.0,0.0,SEA,A.BARNER,ABARNER_WR,48.25,19.5,0.0,5.319148936170213,27.294321753800734,2,31.0,19.5,0.0,0.0,0.0,0.6428571428571429,6.964285714285714,3.09375,28.0
ABROWN,2023,TE,16.0,176.9,70.0,0.0,999.0,0.0,53.0,4.0,0.0,0.0,0.0,0.0,PHI,A.BROWN,ABROWN_TE,164.45,71.5,0.0,16.381578947368425,9.34005704145604,2,31.0,71.5,0.0,0.0,0.0,0.7571428571428571,14.271428571428572,11.05625,70.0
ACOOPER,2023,WR,16.0,165.7,81.0,0.0,777.0,0.0,76.0,2.0,0.0,0.0,0.0,0.0,BUF,A.COOPER,ACOOPER_WR,182.1,99.5,0.0,-16.52392947103275,7.851472247199406,2,31.0,99.5,0.0,0.0,0.0,0.9382716049382716,9.592592592592593,10.35625,81.0
AEKELER,2023,RB,16.0,113.7,42.0,79.0,335.0,392.0,29.0,0.0,2.0,0.0,0.0,0.0,WAS,A.EKELER,AEKELER_RB,103.25,35.5,78.0,22.521551724137936,6.986485661005839,2,31.0,113.5,121.0,6.008264462809917,0.0,0.0,0.0,7.10625,121.0
AESTIME,2023,RB,16.0,27.4,4.0,40.0,28.0,206.0,4.0,0.0,0.0,0.0,0.0,0.0,DEN,A.ESTIME,AESTIME_RB,27.049999999999997,3.5,41.5,2.621722846441945,54.649252660274655,2,31.0,45.0,44.0,5.318181818181818,0.0,0.0,0.0,1.7125,44.0
AGIBSON,2023,RB,16.0,64.9,23.0,79.0,152.0,377.0,12.0,0.0,0.0,0.0,0.0,0.0,NE,A.GIBSON,AGIBSON_RB,67.2,21.5,63.0,-6.618705035971215,20.659815519885242,2,31.0,84.5,102.0,5.186274509803922,0.0,0.0,0.0,4.05625,102.0
AHOOPER,2023,TE,16.0,90.1,53.0,0.0,351.0,0.0,43.0,2.0,0.0,0.0,0.0,0.0,NE,A.HOOPER,AHOOPER_TE,85.25,52.5,0.0,12.064676616915408,12.429041875495516,2,31.0,52.5,0.0,0.0,0.0,0.8113207547169812,6.622641509433962,5.63125,53.0
AINGOLD,2023,WR,16.0,16.1,11.0,8.0,70.0,11.0,8.0,0.0,0.0,0.0,0.0,0.0,MIA,A.INGOLD,AINGOLD_WR,14.3,10.0,8.0,28.800000000000008,5.61757053942646,2,31.0,18.0,0.0,0.0,0.0,0.7272727272727273,6.363636363636363,1.00625,19.0
AIOSIVAS,2023,TE,16.0,104.2,56.0,0.0,452.0,0.0,29.0,5.0,0.0,0.0,0.0,0.0,CIN,A.IOSIVAS,AIOSIVAS_TE,90.65,45.0,0.0,35.149156939040225,4.730570458639152,2,31.0,45.0,0.0,0.0,0.0,0.5178571428571429,8.071428571428571,6.5125,56.0
AJONES,2023,RB,16.0,184.6,57.0,223.0,268.0,888.0,45.0,1.0,3.0,0.0,0.0,0.0,MIN,A.JONES,AJONES_RB,164.39999999999998,53.5,172.5,28.01664355062414,5.754869050844969,2,31.0,226.0,280.0,4.128571428571429,0.0,0.0,0.0,11.5375,280.0
AKAMARA,2023,RB,16.0,191.9,71.0,155.0,447.0,502.0,55.0,2.0,5.0,0.0,0.0,0.0,NO,A.KAMARA,AKAMARA_RB,176.55,61.0,146.5,19.044665012406963,8.132879623354066,2,31.0,207.5,226.0,4.199115044247788,0.0,0.0,0.0,11.99375,226.0
ALAZARD,2022,WR,15.0,84.3,29.0,0.0,413.0,0.0,25.0,3.0,0.0,0.0,0.0,0.0,NYJ,A.LAZARD,ALAZARD_WR,84.3,29.0,0.0,0.0,0.0,1,15.0,29.0,0.0,0.0,0.0,0.8620689655172413,14.241379310344827,5.62,29.0
ALAZARD,2023,TE,16.0,94.6,39.0,0.0,436.0,0.0,27.0,4.0,0.0,0.0,0.0,0.0,NYJ,A.LAZARD,ALAZARD_TE,94.6,39.0,0.0,0.0,0.0,1,16.0,39.0,0.0,0.0,0.0,0.6923076923076923,11.179487179487179,5.9125,39.0
AMATTISON,2023,RB,16.0,85.5,33.0,101.0,213.0,232.0,29.0,1.0,1.0,0.0,0.0,0.0,LV,A.MATTISON,AMATTISON_RB,89.2,26.5,89.5,-7.965554359526378,17.04700672482162,2,31.0,116.0,134.0,3.3208955223880596,0.0,0.0,0.0,5.34375,134.0
AMITCHELL,2022,WR,15.0,30.1,28.0,1.0,182.0,9.0,11.0,0.0,0.0,0.0,0.0,0.0,IND,A.MITCHELL,AMITCHELL_WR,30.1,28.0,1.0,0.0,0.0,1,15.0,29.0,0.0,0.0,0.0,0.39285714285714285,6.5,2.006666666666667,29.0
AMITCHELL,2023,TE,16.0,45.5,46.0,2.0,274.0,11.0,17.0,0.0,0.0,0.0,0.0,0.0,IND,A.MITCHELL,AMITCHELL_TE,45.5,46.0,2.0,0.0,0.0,1,16.0,48.0,0.0,0.0,0.0,0.3695652173913043,5.956521739130435,2.84375,48.0
AOGLETREE,2023,WR,16.0,15.8,12.0,0.0,88.0,0.0,7.0,0.0,0.0,0.0,0.0,0.0,IND,A.OGLETREE,AOGLETREE_WR,15.8,12.0,0.0,0.0,0.0,1,16.0,12.0,0.0,0.0,0.0,0.5833333333333334,7.333333333333333,0.9875,12.0
APIERCE,2023,TE,16.0,157.2,51.0,0.0,822.0,0.0,33.0,7.0,0.0,0.0,0.0,0.0,IND,A.PIERCE,APIERCE_TE,139.75,52.5,0.0,28.5363859362224,5.662932531279085,2,31.0,52.5,0.0,0.0,0.0,0.6470588235294118,16.11764705882353,9.825,51.0
ARICHARDSON,2023,RB,16.0,53.3,2.0,46.0,0.0,293.0,0.0,0.0,4.0,0.0,0.0,0.0,IND,A.RICHARDSON,ARICHARDSON_RB,58.15,1.5,48.5,-15.3968253968254,8.477991613607777,2,31.0,50.0,48.0,6.104166666666667,0.0,0.0,0.0,3.33125,48.0
AST,2023,WR,16.0,222.8,139.0,0.0,818.0,0.0,81.0,10.0,0.0,0.0,0.0,0.0,DET,A.ST,AST_WR,209.25,132.0,0.0,13.847726111395003,10.919711731607745,2,31.0,132.0,0.0,0.0,0.0,0.5827338129496403,5.884892086330935,13.925,139.0
ATHIELEN,2023,TE,16.0,113.6,53.0,0.0,526.0,0.0,37.0,4.0,0.0,0.0,0.0,0.0,CAR,A.THIELEN,ATHIELEN_TE,104.3,52.0,0.0,19.578947368421044,7.930240567500745,2,31.0,52.0,0.0,0.0,0.0,0.6981132075471698,9.924528301886792,7.1,53.0
ATRAUTMAN,2023,WR,16.0,33.5,20.0,0.0,175.0,0.0,10.0,1.0,0.0,0.0,0.0,0.0,DEN,A.TRAUTMAN,ATRAUTMAN_WR,30.7,17.5,0.0,20.071684587813625,7.752920779438215,2,31.0,17.5,0.0,0.0,0.0,0.5,8.75,2.09375,20.0
BAIYUK,2022,TE,15.0,46.4,32.0,0.0,264.0,0.0,20.0,0.0,0.0,0.0,0.0,0.0,SF,B.AIYUK,BAIYUK_TE,46.4,32.0,0.0,0.0,0.0,1,15.0,32.0,0.0,0.0,0.0,0.625,8.25,3.0933333333333333,32.0
BAIYUK,2023,WR,16.0,49.2,30.0,0.0,322.0,0.0,17.0,0.0,0.0,0.0,0.0,0.0,SF,B.AIYUK,BAIYUK_WR,49.2,30.0,0.0,0.0,0.0,1,16.0,30.0,0.0,0.0,0.0,0.5666666666666667,10.733333333333333,3.075,30.0
BALLEN,2023,RB,16.0,68.5,22.0,76.0,97.0,328.0,14.0,0.0,2.0,0.0,0.0,0.0,NYJ,B.ALLEN,BALLEN_RB,64.25,22.0,70.5,14.166666666666666,10.689790750878984,2,31.0,92.5,98.0,4.336734693877551,0.0,0.0,0.0,4.28125,98.0
BBOWERS,2023,WR,16.0,209.7,141.0,3.0,1009.0,8.0,90.0,3.0,0.0,0.0,0.0,0.0,LV,B.BOWERS,BBOWERS_WR,200.05,123.5,3.0,10.13655462184873,14.658726588224765,2,31.0,126.5,0.0,0.0,0.0,0.6382978723404256,7.156028368794326,13.10625,144.0
BCLEVELAND,2023,RB,16.0,27.3,0.0,10.0,0.0,33.0,0.0,0.0,4.0,0.0,0.0,0.0,BAL,B.CLEVELAND,BCLEVELAND_RB,27.1,0.0,9.5,1.4869888475836512,95.81296885077668,2,31.0,9.5,10.0,3.3,0.0,0.0,0.0,1.70625,10.0
BCOOKS,2022,RB,15.0,41.0,28.0,1.0,135.0,5.0,15.0,2.0,0.0,0.0,0.0,0.0,DAL,B.COOKS,BCOOKS_RB,41.0,28.0,1.0,0.0,0.0,1,15.0,29.0,29.0,4.827586206896552,0.0,0.0,0.0,2.7333333333333334,29.0
BCOOKS,2023,TE,16.0,57.3,43.0,2.0,176.0,7.0,21.0,3.0,0.0,0.0,0.0,0.0,DAL,B.COOKS,BCOOKS_TE,57.3,43.0,2.0,0.0,0.0,1,16.0,45.0,0.0,0.0,0.0,0.4883720930232558,4.093023255813954,3.58125,45.0
BCORUM,2023,RB,16.0,26.9,7.0,50.0,34.0,195.0,4.0,0.0,0.0,0.0,0.0,0.0,LA,B.CORUM,BCORUM_RB,26.049999999999997,6.5,44.0,6.7460317460317425,21.67074311754067,2,31.0,50.5,57.0,4.017543859649122,0.0,0.0,0.0,1.68125,57.0
BHALL,2023,RB,16.0,171.4,63.0,149.0,381.0,633.0,40.0,2.0,3.0,0.0,0.0,0.0,NYJ,B.HALL,BHALL_RB,158.7,51.5,130.0,17.397260273972606,8.83605087986654,2,31.0,181.5,212.0,4.783018867924528,0.0,0.0,0.0,10.7125,212.0
BIRVING,2023,RB,16.0,190.6,39.0,178.0,272.0,944.0,27.0,0.0,7.0,0.0,0.0,0.0,TB,B.IRVING,BIRVING_RB,182.25,33.5,171.0,9.603220241518107,15.433558188173457,2,31.0,204.5,217.0,5.6036866359447,0.0,0.0,0.0,11.9125,217.0
BMAYFIELD,2023,RB,16.0,39.4,0.0,47.0,1.0,273.0,0.0,0.0,2.0,0.0,0.0,0.0,TB,B.MAYFIELD,BMAYFIELD_RB,40.05,0.0,45.0,-3.1941031941032048,43.568656286955594,2,31.0,45.0,47.0,5.829787234042553,0.0,0.0,0.0,2.4625,47.0
BMEANS,2023,WR,16.0,15.0,11.0,0.0,100.0,0.0,5.0,0.0,0.0,0.0,0.0,0.0,NO,B.MEANS,BMEANS_WR,14.8,11.0,0.0,2.739726027397263,52.32590180780447,2,31.0,11.0,0.0,0.0,0.0,0.45454545454545453,9.090909090909092,0.9375,11.0
BMELTON,2023,WR,16.0,18.6,17.0,6.0,82.0,44.0,6.0,0.0,0.0,0.0,0.0,0.0,GB,B.MELTON,BMELTON_WR,16.950000000000003,16.0,5.0,21.568627450980397,7.263915115825443,2,31.0,21.0,0.0,0.0,0.0,0.35294117647058826,4.823529411764706,1.1625,23.0
BNIX,2023,RB,16.0,91.1,22.0,73.0,142.0,399.0,7.0,2.0,3.0,0.0,0.0,0.0,DEN,B.NIX,BNIX_RB,87.4,16.0,56.0,8.841099163679798,16.70300883127144,2,31.0,72.0,95.0,5.6947368421052635,0.0,0.0,0.0,5.69375,95.0
BPURDY,2023,RB,16.0,57.6,1.0,51.0,25.0,241.0,1.0,0.0,5.0,0.0,0.0,0.0,SF,B.PURDY,BPURDY_RB,49.400000000000006,1.0,48.5,39.80582524271844,4.2598871939774945,2,31.0,49.5,52.0,5.115384615384615,0.0,0.0,0.0,3.6,52.0
BROBINSON,2023,RB,16.0,120.4,12.0,125.0,97.0,627.0,12.0,0.0,6.0,0.0,0.0,0.0,ATL,B.ROBINSON,BROBINSON_RB,118.05000000000001,11.0,147.0,4.062229904926537,35.52083213577527,2,31.0,158.0,137.0,5.2846715328467155,0.0,0.0,0.0,7.525,137.0
BSTRANGE,2023,TE,16.0,71.5,50.0,0.0,365.0,0.0,29.0,1.0,0.0,0.0,0.0,0.0,JAX,B.STRANGE,BSTRANGE_TE,64.9,40.5,0.0,22.64150943396227,6.953216681667717,2,31.0,40.5,0.0,0.0,0.0,0.58,7.3,4.46875,50.0
BTHOMAS,2023,WR,16.0,195.4,94.0,4.0,837.0,37.0,60.0,8.0,0.0,0.0,0.0,0.0,JAX,B.THOMAS,BTHOMAS_WR,193.85000000000002,90.0,3.5,1.6120644825793,88.43396744065325,2,31.0,93.5,0.0,0.0,0.0,0.6382978723404256,8.904255319148936,12.2125,98.0
BWRIGHT,2023,WR,16.0,19.8,11.0,0.0,58.0,0.0,8.0,1.0,0.0,0.0,0.0,0.0,DET,B.WRIGHT,BWRIGHT_WR,19.8,11.0,0.0,0.0,0.0,1,16.0,11.0,0.0,0.0,0.0,0.7272727272727273,5.2727272727272725,1.2375,11.0
BYOUNG,2023,RB,16.0,58.0,5.0,32.0,34.0,216.0,3.0,1.0,4.0,0.0,0.0,0.0,CAR,B.YOUNG,BYOUNG_RB,54.2,4.0,29.0,15.07936507936508,10.08557566850286,2,31.0,33.0,37.0,6.756756756756757,0.0,0.0,0.0,3.625,37.0
CAKERS,2023,RB,16.0,62.1,15.0,84.0,47.0,314.0,8.0,2.0,1.0,0.0,0.0,0.0,MIN,C.AKERS,CAKERS_RB,56.7,14.5,87.0,21.052631578947377,7.424621202458746,2,31.0,101.5,99.0,3.6464646464646466,0.0,0.0,0.0,3.88125,99.0
CAUSTIN,2022,WR,15.0,79.5,30.0,0.0,455.0,0.0,22.0,2.0,0.0,0.0,0.0,0.0,PIT,C.AUSTIN,CAUSTIN_WR,79.5,30.0,0.0,0.0,0.0,1,15.0,30.0,0.0,0.0,0.0,0.7333333333333333,15.166666666666666,5.3,30.0
CAUSTIN,2023,TE,16.0,76.0,51.0,0.0,380.0,0.0,26.0,2.0,0.0,0.0,0.0,0.0,PIT,C.AUSTIN,CAUSTIN_TE,76.0,51.0,0.0,0.0,0.0,1,16.0,51.0,0.0,0.0,0.0,0.5098039215686274,7.450980392156863,4.75,51.0
CBROOKS,2023,RB,16.0,32.8,10.0,24.0,70.0,148.0,11.0,0.0,0.0,0.0,0.0,0.0,GB,C.BROOKS,CBROOKS_RB,29.349999999999998,11.0,21.0,26.640926640926637,6.015531602268165,2,31.0,32.0,34.0,6.411764705882353,0.0,0.0,0.0,2.05,34.0
CBROWN,2023,RB,16.0,183.5,54.0,189.0,197.0,898.0,44.0,2.0,3.0,0.0,0.0,0.0,CIN,C.BROWN,CBROWN_RB,166.85,45.0,181.5,22.170439414114522,7.085931918376902,2,31.0,226.5,243.0,4.506172839506172,0.0,0.0,0.0,11.46875,243.0
CGODWIN,2023,TE,16.0,123.5,47.0,0.0,454.0,1.0,42.0,6.0,0.0,0.0,0.0,0.0,TB,C.GODWIN,CGODWIN_TE,111.2,44.0,0.0,24.873609706774513,6.392705208775943,2,31.0,44.0,0.0,0.0,0.0,0.8936170212765957,9.659574468085106,7.71875,47.0
CHUBBARD,2023,RB,16.0,148.3,48.0,190.0,144.0,709.0,27.0,0.0,6.0,0.0,0.0,0.0,CAR,C.HUBBARD,CHUBBARD_RB,151.5,45.5,154.5,-4.1370394311570635,33.47708667180073,2,31.0,200.0,238.0,3.5840336134453783,0.0,0.0,0.0,9.26875,238.0
CKIRK,2023,TE,16.0,51.9,39.0,0.0,259.0,0.0,20.0,1.0,0.0,0.0,0.0,0.0,JAX,C.KIRK,CKIRK_TE,51.599999999999994,35.0,0.0,1.1695906432748566,121.62236636408588,2,31.0,35.0,0.0,0.0,0.0,0.5128205128205128,6.641025641025641,3.24375,39.0
CKMET,2023,TE,16.0,81.3,42.0,0.0,353.0,0.0,34.0,2.0,0.0,0.0,0.0,0.0,CHI,C.KMET,CKMET_TE,86.0,38.0,0.0,-10.363836824696808,12.938549613200648,2,31.0,38.0,0.0,0.0,0.0,0.8095238095238095,8.404761904761905,5.08125,42.0
CKUPP,2022,TE,15.0,117.3,67.0,1.0,498.0,5.0,49.0,3.0,0.0,0.0,0.0,0.0,LA,C.KUPP,CKUPP_TE,117.3,67.0,1.0,0.0,0.0,1,15.0,68.0,0.0,0.0,0.0,0.7313432835820896,7.432835820895522,7.819999999999999,68.0
CKUPP,2023,WR,16.0,146.4,92.0,1.0,658.0,6.0,56.0,4.0,0.0,0.0,0.0,0.0,LA,C.KUPP,CKUPP_WR,146.4,92.0,1.0,0.0,0.0,1,16.0,93.0,0.0,0.0,0.0,0.6086956521739131,7.1521739130434785,9.15,93.0
CLAMB,2023,WR,16.0,235.3,134.0,0.0,973.0,0.0,90.0,8.0,0.0,0.0,0.0,0.0,DAL,C.LAMB,CLAMB_WR,208.95,113.0,0.0,28.86089813800658,5.6072091813635305,2,31.0,113.0,0.0,0.0,0.0,0.6716417910447762,7.2611940298507465,14.70625,134.0
CMCCAFFREY,2023,RB,16.0,36.3,12.0,43.0,121.0,152.0,9.0,0.0,0.0,0.0,0.0,0.0,SF,C.MCCAFFREY,CMCCAFFREY_RB,32.3,10.5,35.5,28.2685512367491,5.709887258081373,2,31.0,46.0,55.0,4.963636363636364,0.0,0.0,0.0,2.26875,55.0
COKONKWO,2023,TE,16.0,101.0,61.0,0.0,431.0,9.0,45.0,2.0,0.0,0.0,0.0,0.0,TEN,C.OKONKWO,COKONKWO_TE,86.05,54.0,0.0,42.053445850914215,4.070002576662368,2,31.0,54.0,0.0,0.0,0.0,0.7377049180327869,7.065573770491803,6.3125,61.0
COLAVE,2023,TE,16.0,71.4,42.0,0.0,311.0,3.0,28.0,2.0,0.0,0.0,0.0,0.0,NO,C.OLAVE,COLAVE_TE,66.1,38.0,0.0,17.434210526315805,8.818822308760518,2,31.0,38.0,0.0,0.0,0.0,0.6666666666666666,7.404761904761905,4.4625,42.0
COOPER KUPP,2024,WR,12.0,190.0,113.0,2.0,710.0,28.0,67.0,6.0,0.0,0.0,0.0,0.0,LAR,COOPER KUPP,COOPER KUPP_WR,190.0,113.0,2.0,0.0,0.0,1,12.0,115.0,0.0,0.0,0.0,0.5929203539823009,6.283185840707965,15.833333333333334,115.0
COTTON,2023,TE,16.0,120.0,71.0,0.0,560.0,0.0,52.0,2.0,0.0,0.0,0.0,0.0,TB,C.OTTON,COTTON_TE,105.15,66.5,0.0,32.89036544850499,5.006887410219897,2,31.0,66.5,0.0,0.0,0.0,0.7323943661971831,7.887323943661972,7.5,71.0
CPARKINSON,2023,TE,16.0,65.2,41.0,0.0,242.0,0.0,35.0,1.0,0.0,0.0,0.0,0.0,LA,C.PARKINSON,CPARKINSON_TE,52.0,41.0,0.0,68.04123711340209,2.7855721683106416,2,31.0,41.0,0.0,0.0,0.0,0.8536585365853658,5.902439024390244,4.075,41.0
CPATTERSON,2023,RB,16.0,23.0,9.0,25.0,57.0,93.0,8.0,0.0,0.0,0.0,0.0,0.0,PIT,C.PATTERSON,CPATTERSON_RB,21.85,8.5,24.0,11.111111111111114,13.435028842544401,2,31.0,32.5,34.0,4.411764705882353,0.0,0.0,0.0,1.4375,34.0
CREYNOLDS,2023,RB,16.0,10.4,2.0,16.0,29.0,65.0,1.0,0.0,0.0,0.0,0.0,0.0,DET,C.REYNOLDS,CREYNOLDS_RB,10.15,2.0,15.5,5.05050505050505,28.70853531617383,2,31.0,17.5,18.0,5.222222222222222,0.0,0.0,0.0,0.65,18.0
CRIDLEY,2023,WR,16.0,146.3,96.0,6.0,714.0,39.0,47.0,4.0,0.0,0.0,0.0,0.0,TEN,C.RIDLEY,CRIDLEY_WR,142.75,94.5,5.0,5.100574712643695,28.43366000405052,2,31.0,99.5,0.0,0.0,0.0,0.4895833333333333,7.4375,9.14375,102.0
CRODRIGUEZ,2023,RB,16.0,17.7,0.0,22.0,9.0,108.0,0.0,0.0,1.0,0.0,0.0,0.0,WAS,C.RODRIGUEZ,CRODRIGUEZ_RB,17.2,0.0,21.5,5.9880239520958085,24.324473272817233,2,31.0,21.5,22.0,5.318181818181818,0.0,0.0,0.0,1.10625,22.0
CSAMUEL,2023,TE,16.0,63.0,43.0,3.0,259.0,11.0,24.0,2.0,0.0,0.0,0.0,0.0,BUF,C.SAMUEL,CSAMUEL_TE,49.9,37.5,3.0,71.19565217391306,2.6934830825350167,2,31.0,40.5,0.0,0.0,0.0,0.5581395348837209,6.023255813953488,3.9375,46.0
CSTEELE,2023,RB,16.0,16.7,8.0,40.0,24.0,103.0,4.0,0.0,0.0,0.0,0.0,0.0,KC,C.STEELE,CSTEELE_RB,17.9,7.0,35.0,-12.56544502617802,10.547676152699324,2,31.0,42.0,48.0,2.6458333333333335,0.0,0.0,0.0,1.04375,48.0
CSTOVER,2023,WR,16.0,23.0,14.0,0.0,90.0,0.0,14.0,0.0,0.0,0.0,0.0,0.0,HOU,C.STOVER,CSTOVER_WR,24.9,15.0,0.0,-14.179104477611942,9.266820448181594,2,31.0,15.0,0.0,0.0,0.0,1.0,6.428571428571429,1.4375,14.0
CSTROUD,2023,RB,16.0,36.0,1.0,43.0,17.0,333.0,1.0,0.0,0.0,0.0,0.0,0.0,HOU,C.STROUD,CSTROUD_RB,31.65,1.5,39.0,31.868131868131865,5.1448114079435,2,31.0,40.5,44.0,7.954545454545454,0.0,0.0,0.0,2.25,44.0
CSUTTON,2023,WR,16.0,182.5,115.0,0.0,885.0,0.0,70.0,4.0,0.0,0.0,0.0,0.0,DEN,C.SUTTON,CSUTTON_WR,170.2,106.5,0.0,15.579480683977195,9.784518224223609,2,31.0,106.5,0.0,0.0,0.0,0.6086956521739131,7.695652173913044,11.40625,115.0
CTILLMAN,2023,TE,16.0,53.8,33.0,0.0,268.0,0.0,21.0,1.0,0.0,0.0,0.0,0.0,CLE,C.TILLMAN,CTILLMAN_TE,47.55,32.5,0.0,30.26634382566586,5.379668391267253,2,31.0,32.5,0.0,0.0,0.0,0.6363636363636364,8.121212121212121,3.3625,33.0
CWATSON,2023,TE,16.0,65.9,42.0,2.0,420.0,19.0,16.0,1.0,0.0,0.0,0.0,0.0,GB,C.WATSON,CWATSON_TE,67.30000000000001,38.5,2.0,-4.075691411935949,33.99163312418193,2,31.0,40.5,0.0,0.0,0.0,0.38095238095238093,10.0,4.11875,44.0
CWILLIAMS,2023,RB,16.0,38.7,3.0,61.0,0.0,377.0,1.0,0.0,0.0,0.0,0.0,0.0,CHI,C.WILLIAMS,CWILLIAMS_RB,35.6,3.0,58.0,19.076923076923087,8.12032303556164,2,31.0,61.0,64.0,5.890625,0.0,0.0,0.0,2.41875,64.0
CWILSON,2023,WR,16.0,36.7,26.0,0.0,197.0,0.0,17.0,0.0,0.0,0.0,0.0,0.0,NO,C.WILSON,CWILSON_WR,34.900000000000006,18.5,0.0,10.876132930513599,13.710014813005836,2,31.0,18.5,0.0,0.0,0.0,0.6538461538461539,7.576923076923077,2.29375,26.0
DACHANE,2023,RB,16.0,226.8,74.0,177.0,523.0,775.0,55.0,4.0,3.0,0.0,0.0,0.0,MIA,D.ACHANE,DACHANE_RB,209.0,69.0,168.0,18.619246861924697,8.302545913931928,2,31.0,237.0,251.0,5.171314741035856,0.0,0.0,0.0,14.175,251.0
DADAMS,2023,WR,16.0,199.7,117.0,0.0,907.0,0.0,79.0,5.0,0.0,0.0,0.0,0.0,NYJ,D.ADAMS,DADAMS_WR,193.1,109.0,0.0,7.077747989276133,20.688230219260976,2,31.0,109.0,0.0,0.0,0.0,0.6752136752136753,7.752136752136752,12.48125,117.0
DBELLINGER,2023,WR,16.0,21.3,13.0,0.0,83.0,0.0,13.0,0.0,0.0,0.0,0.0,0.0,NYG,D.BELLINGER,DBELLINGER_WR,18.75,14.0,0.0,31.481481481481495,5.199314567548142,2,31.0,14.0,0.0,0.0,0.0,1.0,6.384615384615385,1.33125,13.0
DBROWN,2023,TE,16.0,96.2,48.0,2.0,558.0,14.0,33.0,1.0,0.0,0.0,0.0,0.0,WAS,D.BROWN,DBROWN_TE,85.35,47.5,2.0,29.127516778523493,5.562356108227817,2,31.0,49.5,0.0,0.0,0.0,0.6875,11.625,6.0125,50.0
DCARTER,2023,TE,16.0,11.6,12.0,0.0,56.0,0.0,6.0,0.0,0.0,0.0,0.0,0.0,CHI,D.CARTER,DCARTER_TE,11.05,12.0,0.0,10.476190476190473,14.20641805838428,2,31.0,12.0,0.0,0.0,0.0,0.5,4.666666666666667,0.725,12.0
DDAVIS,2023,WR,16.0,37.1,17.0,8.0,80.0,31.0,14.0,2.0,0.0,0.0,0.0,0.0,LAC,D.DAVIS,DDAVIS_WR,32.3,16.0,8.5,34.909090909090914,4.758239381734475,2,31.0,24.5,0.0,0.0,0.0,0.8235294117647058,4.705882352941177,2.31875,25.0
DDOUGLAS,2022,TE,15.0,96.1,72.0,1.0,502.0,9.0,39.0,1.0,0.0,0.0,0.0,0.0,NE,D.DOUGLAS,DDOUGLAS_TE,96.1,72.0,1.0,0.0,0.0,1,15.0,73.0,0.0,0.0,0.0,0.5416666666666666,6.972222222222222,6.406666666666666,73.0
DDOUGLAS,2023,WR,16.0,99.8,80.0,2.0,427.0,11.0,44.0,2.0,0.0,0.0,0.0,0.0,NE,D.DOUGLAS,DDOUGLAS_WR,99.8,80.0,2.0,0.0,0.0,1,16.0,82.0,0.0,0.0,0.0,0.55,5.3375,6.2375,82.0
DDUVERNAY,2023,WR,16.0,16.0,12.0,3.0,58.0,2.0,10.0,0.0,0.0,0.0,0.0,0.0,JAX,D.DUVERNAY,DDUVERNAY_WR,14.0,13.0,3.0,33.33333333333333,4.949747468305833,2,31.0,16.0,0.0,0.0,0.0,0.8333333333333334,4.833333333333333,1.0,15.0
DERRICK HENRY,2024,RB,17.0,314.5,15.0,377.0,78.0,1921.0,11.0,0.0,16.0,0.0,0.0,0.0,BAL,DERRICK HENRY,DERRICK HENRY_RB,314.5,15.0,377.0,0.0,0.0,1,17.0,392.0,392.0,5.099489795918367,0.0,0.0,0.0,18.5,392.0
DFOREMAN,2023,RB,16.0,26.8,6.0,40.0,52.0,166.0,5.0,0.0,0.0,0.0,0.0,0.0,CLE,D.FOREMAN,DFOREMAN_RB,29.05,6.0,46.0,-14.376996805111823,9.129534219319646,2,31.0,52.0,46.0,4.739130434782608,0.0,0.0,0.0,1.675,46.0
DGOEDERT,2023,TE,16.0,91.5,56.0,1.0,315.0,10.0,47.0,2.0,0.0,0.0,0.0,0.0,PHI,D.GOEDERT,DGOEDERT_TE,90.9,59.0,1.0,1.328903654485053,107.1266773497617,2,31.0,60.0,0.0,0.0,0.0,0.8392857142857143,5.625,5.71875,57.0
DHENRY,2023,RB,16.0,258.7,8.0,256.0,79.0,1548.0,12.0,0.0,14.0,0.0,0.0,0.0,BAL,D.HENRY,DHENRY_RB,220.05,7.5,211.5,42.61300992282248,4.025843394569207,2,31.0,219.0,264.0,6.162878787878788,0.0,0.0,0.0,16.16875,264.0
DHOPKINS,2022,TE,15.0,100.2,72.0,0.0,412.0,0.0,41.0,3.0,0.0,0.0,0.0,0.0,KC,D.HOPKINS,DHOPKINS_TE,100.2,72.0,0.0,0.0,0.0,1,15.0,72.0,0.0,0.0,0.0,0.5694444444444444,5.722222222222222,6.680000000000001,72.0
DHOPKINS,2023,WR,16.0,108.5,89.0,0.0,445.0,0.0,40.0,4.0,0.0,0.0,0.0,0.0,KC,D.HOPKINS,DHOPKINS_WR,108.5,89.0,0.0,0.0,0.0,1,16.0,89.0,0.0,0.0,0.0,0.449438202247191,5.0,6.78125,89.0
DJOHNSON,2022,WR,15.0,28.2,24.0,19.0,94.0,88.0,10.0,0.0,0.0,0.0,0.0,0.0,JAX,D.JOHNSON,DJOHNSON_WR,28.2,24.0,19.0,0.0,0.0,1,15.0,43.0,0.0,0.0,0.0,0.4166666666666667,3.9166666666666665,1.88,43.0
DJOHNSON,2023,RB,16.0,29.0,18.0,25.0,78.0,112.0,10.0,0.0,0.0,0.0,0.0,0.0,JAX,D.JOHNSON,DJOHNSON_RB,29.0,18.0,25.0,0.0,0.0,1,16.0,43.0,43.0,4.4186046511627906,0.0,0.0,0.0,1.8125,43.0
DJONES,2023,RB,16.0,21.0,0.0,27.0,0.0,210.0,0.0,0.0,0.0,0.0,0.0,0.0,GB,D.JONES,DJONES_RB,23.1,0.0,32.5,-16.666666666666664,7.778174593052024,2,31.0,32.5,27.0,7.777777777777778,0.0,0.0,0.0,1.3125,27.0
DKINCAID,2023,TE,16.0,92.8,47.0,0.0,408.0,0.0,46.0,1.0,0.0,0.0,0.0,0.0,BUF,D.KINCAID,DKINCAID_TE,80.1,51.0,0.0,37.685459940652805,4.459783714412793,2,31.0,51.0,0.0,0.0,0.0,0.9787234042553191,8.680851063829786,5.8,47.0
DKNOX,2023,WR,16.0,39.2,23.0,0.0,182.0,0.0,21.0,0.0,0.0,0.0,0.0,0.0,BUF,D.KNOX,DKNOX_WR,35.5,23.5,0.0,23.27044025157233,6.78440290057363,2,31.0,23.5,0.0,0.0,0.0,0.9130434782608695,7.913043478260869,2.45,23.0
DKRAMER,2023,RB,16.0,30.7,0.0,7.0,0.0,7.0,0.0,0.0,5.0,0.0,0.0,0.0,CHI,D.KRAMER,DKRAMER_RB,36.65,0.0,5.5,-27.934272300469488,4.355540089157473,2,31.0,5.5,7.0,1.0,0.0,0.0,0.0,1.91875,7.0
DLOCK,2023,RB,16.0,23.8,1.0,9.0,0.0,108.0,1.0,0.0,2.0,0.0,0.0,0.0,NYG,D.LOCK,DLOCK_RB,24.25,1.0,7.5,-3.6437246963562693,38.10519876394179,2,31.0,8.5,10.0,10.8,0.0,0.0,0.0,1.4875,10.0
DLONDON,2023,WR,16.0,197.0,151.0,0.0,890.0,0.0,78.0,5.0,0.0,0.0,0.0,0.0,ATL,D.LONDON,DLONDON_WR,198.8,138.5,0.0,-1.7946161515453611,78.09601561104772,2,31.0,138.5,0.0,0.0,0.0,0.5165562913907285,5.894039735099338,12.3125,151.0
DMAYE,2023,RB,16.0,42.7,3.0,42.0,0.0,357.0,1.0,0.0,1.0,0.0,0.0,0.0,NE,D.MAYE,DMAYE_RB,40.6,3.0,33.0,10.909090909090917,13.670731102939909,2,31.0,36.0,45.0,7.933333333333334,0.0,0.0,0.0,2.66875,45.0
DMETCALF,2022,TE,15.0,110.3,77.0,0.0,563.0,0.0,30.0,4.0,0.0,0.0,0.0,0.0,SEA,D.METCALF,DMETCALF_TE,110.3,77.0,0.0,0.0,0.0,1,15.0,77.0,0.0,0.0,0.0,0.38961038961038963,7.311688311688312,7.3533333333333335,77.0
DMETCALF,2023,WR,16.0,183.0,81.0,0.0,950.0,0.0,58.0,5.0,0.0,0.0,0.0,0.0,SEA,D.METCALF,DMETCALF_WR,183.0,81.0,0.0,0.0,0.0,1,16.0,81.0,0.0,0.0,0.0,0.7160493827160493,11.728395061728396,11.4375,81.0
DMONTGOMERY,2023,RB,16.0,144.1,25.0,149.0,243.0,478.0,30.0,0.0,7.0,0.0,0.0,0.0,DET,D.MONTGOMERY,DMONTGOMERY_RB,142.6,26.5,133.5,2.1261516654854713,67.22228466480112,2,31.0,160.0,174.0,4.14367816091954,0.0,0.0,0.0,9.00625,174.0
DMOONEY,2022,TE,15.0,109.9,57.0,0.0,589.0,0.0,33.0,3.0,0.0,0.0,0.0,0.0,ATL,D.MOONEY,DMOONEY_TE,109.9,57.0,0.0,0.0,0.0,1,15.0,57.0,0.0,0.0,0.0,0.5789473684210527,10.333333333333334,7.326666666666667,57.0
DMOONEY,2023,WR,16.0,154.9,100.0,0.0,769.0,0.0,48.0,5.0,0.0,0.0,0.0,0.0,ATL,D.MOONEY,DMOONEY_WR,154.9,100.0,0.0,0.0,0.0,1,16.0,100.0,0.0,0.0,0.0,0.48,7.69,9.68125,100.0
DMOORE,2023,WR,16.0,190.2,150.0,0.0,732.0,0.0,81.0,6.0,0.0,0.0,0.0,0.0,CHI,D.MOORE,DMOORE_WR,173.1,124.5,0.0,21.923076923076916,7.157905486748036,2,31.0,124.5,0.0,0.0,0.0,0.54,4.88,11.8875,150.0
DNJOKU,2023,TE,16.0,108.4,76.0,0.0,314.0,0.0,59.0,3.0,0.0,0.0,0.0,0.0,CLE,D.NJOKU,DNJOKU_TE,90.85,66.0,0.0,47.885402455661676,3.660435958450018,2,31.0,66.0,0.0,0.0,0.0,0.7763157894736842,4.131578947368421,6.775,76.0
DOGUNBOWALE,2022,WR,15.0,35.8,21.0,19.0,136.0,72.0,15.0,0.0,0.0,0.0,0.0,0.0,HOU,D.OGUNBOWALE,DOGUNBOWALE_WR,35.8,21.0,19.0,0.0,0.0,1,15.0,40.0,0.0,0.0,0.0,0.7142857142857143,6.476190476190476,2.3866666666666663,40.0
DOGUNBOWALE,2023,RB,16.0,41.1,21.0,28.0,182.0,69.0,16.0,0.0,0.0,0.0,0.0,0.0,HOU,D.OGUNBOWALE,DOGUNBOWALE_RB,41.1,21.0,28.0,0.0,0.0,1,16.0,49.0,49.0,5.122448979591836,0.0,0.0,0.0,2.56875,49.0
DPETTIS,2023,WR,16.0,17.2,19.0,0.0,82.0,0.0,9.0,0.0,0.0,0.0,0.0,0.0,NO,D.PETTIS,DPETTIS_WR,15.05,18.0,0.0,33.33333333333333,4.949747468305834,2,31.0,18.0,0.0,0.0,0.0,0.47368421052631576,4.315789473684211,1.075,19.0
DPIERCE,2023,RB,16.0,28.8,3.0,26.0,1.0,217.0,1.0,0.0,1.0,0.0,0.0,0.0,HOU,D.PIERCE,DPIERCE_RB,29.5,3.0,25.5,-4.635761589403969,29.79950006429025,2,31.0,28.5,29.0,7.517241379310345,0.0,0.0,0.0,1.8,29.0
DROBINSON,2023,TE,16.0,104.3,66.0,0.0,443.0,0.0,30.0,5.0,0.0,0.0,0.0,0.0,LA,D.ROBINSON,DROBINSON_TE,91.9,61.0,0.0,31.19496855345912,5.240573644439011,2,31.0,61.0,0.0,0.0,0.0,0.45454545454545453,6.712121212121212,6.51875,66.0
DSAMPLE,2023,WR,16.0,24.0,16.0,0.0,80.0,0.0,16.0,0.0,0.0,0.0,0.0,0.0,CIN,D.SAMPLE,DSAMPLE_WR,23.9,17.5,0.0,0.8403361344537785,168.99852070358546,2,31.0,17.5,0.0,0.0,0.0,1.0,5.0,1.5,16.0
DSAMUEL,2022,TE,15.0,127.8,67.0,31.0,586.0,102.0,41.0,3.0,0.0,0.0,0.0,0.0,SF,D.SAMUEL,DSAMUEL_TE,127.8,67.0,31.0,0.0,0.0,1,15.0,98.0,0.0,0.0,0.0,0.6119402985074627,8.746268656716419,8.52,98.0
DSAMUEL,2023,WR,16.0,136.6,55.0,40.0,649.0,127.0,41.0,3.0,0.0,0.0,0.0,0.0,SF,D.SAMUEL,DSAMUEL_WR,136.6,55.0,40.0,0.0,0.0,1,16.0,95.0,0.0,0.0,0.0,0.7454545454545455,11.8,8.5375,95.0
DSCHULTZ,2023,TE,16.0,94.7,72.0,0.0,387.0,0.0,50.0,1.0,0.0,0.0,0.0,0.0,HOU,D.SCHULTZ,DSCHULTZ_TE,97.45,55.5,0.0,-5.489021956087824,25.057293027865114,2,31.0,55.5,0.0,0.0,0.0,0.6944444444444444,5.375,5.91875,72.0
DSINGLETARY,2023,RB,16.0,71.4,18.0,95.0,85.0,359.0,15.0,0.0,2.0,0.0,0.0,0.0,NYG,D.SINGLETARY,DSINGLETARY_RB,67.80000000000001,18.5,87.5,11.214953271028042,13.317177712346643,2,31.0,106.0,113.0,3.9292035398230087,0.0,0.0,0.0,4.4625,113.0
DSKIPPER,2023,RB,16.0,16.9,0.0,27.0,0.0,109.0,0.0,0.0,1.0,0.0,0.0,0.0,DET,D.SKIPPER,DSKIPPER_RB,15.25,0.0,26.5,24.26470588235293,6.535380856421122,2,31.0,26.5,27.0,4.037037037037037,0.0,0.0,0.0,1.05625,27.0
DSLAYTON,2023,TE,16.0,94.8,54.0,1.0,585.0,13.0,29.0,1.0,0.0,0.0,0.0,0.0,NYG,D.SLAYTON,DSLAYTON_TE,92.8,59.5,0.5,4.405286343612335,32.809754647055804,2,31.0,60.0,0.0,0.0,0.0,0.5370370370370371,10.833333333333334,5.925,55.0
DSMITH,2023,TE,16.0,158.4,68.0,0.0,774.0,0.0,45.0,6.0,0.0,0.0,0.0,0.0,PHI,D.SMITH,DSMITH_TE,148.55,70.5,0.0,14.203316510454231,10.664031710178836,2,31.0,70.5,0.0,0.0,0.0,0.6617647058823529,11.382352941176471,9.9,68.0
DSMYTHE,2023,WR,16.0,11.9,15.0,0.0,49.0,0.0,7.0,0.0,0.0,0.0,0.0,0.0,MIA,D.SMYTHE,DSMYTHE_WR,11.9,15.0,0.0,0.0,0.0,1,16.0,15.0,0.0,0.0,0.0,0.4666666666666667,3.2666666666666666,0.74375,15.0
DSWIFT,2023,RB,16.0,170.2,39.0,159.0,362.0,780.0,32.0,0.0,4.0,0.0,0.0,0.0,CHI,D.SWIFT,DSWIFT_RB,152.7,32.5,138.0,25.887573964497047,6.1700117421249026,2,31.0,170.5,198.0,5.767676767676767,0.0,0.0,0.0,10.6375,198.0
DTHOMPSON,2023,RB,16.0,11.2,5.0,16.0,3.0,99.0,1.0,0.0,0.0,0.0,0.0,0.0,CLE,D.THOMPSON,DTHOMPSON_RB,11.0,5.5,15.5,3.7037037037036904,38.89087296526025,2,31.0,21.0,21.0,4.857142857142857,0.0,0.0,0.0,0.7,21.0
DTURNER,2023,WR,16.0,30.3,26.0,3.0,129.0,24.0,15.0,0.0,0.0,0.0,0.0,0.0,LV,D.TURNER,DTURNER_WR,24.3,24.0,3.0,65.57377049180327,2.8637824638055176,2,31.0,27.0,0.0,0.0,0.0,0.5769230769230769,4.961538461538462,1.89375,29.0
DVELE,2023,TE,16.0,79.0,33.0,0.0,340.0,0.0,33.0,2.0,0.0,0.0,0.0,0.0,DEN,D.VELE,DVELE_TE,79.05,34.5,0.0,-0.12642225031604845,1117.9358210559951,2,31.0,34.5,0.0,0.0,0.0,1.0,10.303030303030303,4.9375,33.0
DWASHINGTON,2023,WR,16.0,34.5,24.0,0.0,215.0,0.0,13.0,0.0,0.0,0.0,0.0,0.0,PIT,D.WASHINGTON,DWASHINGTON_WR,32.05,20.0,0.0,16.55405405405405,9.250111157970961,2,31.0,20.0,0.0,0.0,0.0,0.5416666666666666,8.958333333333334,2.15625,24.0
DWATSON,2023,RB,16.0,17.0,2.0,20.0,5.0,145.0,2.0,0.0,0.0,0.0,0.0,0.0,CLE,D.WATSON,DWATSON_RB,16.75,1.5,18.5,3.0303030303030303,47.37615433949868,2,31.0,20.0,22.0,6.818181818181818,0.0,0.0,0.0,1.0625,22.0
DWICKS,2023,TE,16.0,88.2,67.0,0.0,442.0,0.0,26.0,3.0,0.0,0.0,0.0,0.0,GB,D.WICKS,DWICKS_TE,86.25,66.5,0.0,4.626334519572961,31.275876860174172,2,31.0,66.5,0.0,0.0,0.0,0.3880597014925373,6.597014925373134,5.5125,67.0
EALL,2023,WR,16.0,26.2,14.0,0.0,102.0,0.0,16.0,0.0,0.0,0.0,0.0,0.0,CIN,E.ALL,EALL_WR,24.299999999999997,15.0,0.0,16.96428571428572,9.043523569912157,2,31.0,15.0,0.0,0.0,0.0,1.1428571428571428,7.285714285714286,1.6375,14.0
EDEMERCADO,2023,RB,16.0,28.4,13.0,18.0,71.0,113.0,10.0,0.0,0.0,0.0,0.0,0.0,ARI,E.DEMERCADO,EDEMERCADO_RB,30.849999999999998,12.5,17.5,-14.714714714714711,8.903773142695917,2,31.0,30.0,31.0,5.935483870967742,0.0,0.0,0.0,1.775,31.0
EELLIOTT,2023,RB,16.0,43.5,13.0,66.0,55.0,170.0,9.0,0.0,2.0,0.0,0.0,0.0,DAL,E.ELLIOTT,EELLIOTT_RB,38.6,12.5,62.5,29.080118694362007,5.570269745673621,2,31.0,75.0,79.0,2.848101265822785,0.0,0.0,0.0,2.71875,79.0
EENGRAM,2023,TE,16.0,61.2,43.0,0.0,302.0,0.0,31.0,0.0,0.0,0.0,0.0,0.0,JAX,E.ENGRAM,EENGRAM_TE,58.05,44.5,0.0,11.475409836065582,13.03096782472351,2,31.0,44.5,0.0,0.0,0.0,0.7209302325581395,7.023255813953488,3.825,43.0
EGRAY,2023,RB,16.0,15.3,8.0,9.0,52.0,21.0,8.0,0.0,0.0,0.0,0.0,0.0,NYG,E.GRAY,EGRAY_RB,12.9,8.0,9.0,45.714285714285715,3.8006989488776926,2,31.0,17.0,17.0,4.294117647058823,0.0,0.0,0.0,0.95625,17.0
EHIGGINS,2023,WR,16.0,34.6,23.0,0.0,146.0,0.0,14.0,1.0,0.0,0.0,0.0,0.0,ARI,E.HIGGINS,EHIGGINS_WR,32.35,17.0,0.0,14.950166112956808,10.166624165059917,2,31.0,17.0,0.0,0.0,0.0,0.6086956521739131,6.3478260869565215,2.1625,23.0
EMOORE,2022,WR,15.0,87.6,83.0,0.0,366.0,0.0,45.0,1.0,0.0,0.0,0.0,0.0,CLE,E.MOORE,EMOORE_WR,87.6,83.0,0.0,0.0,0.0,1,15.0,83.0,0.0,0.0,0.0,0.5421686746987951,4.409638554216867,5.84,83.0
EMOORE,2023,TE,16.0,87.2,70.0,1.0,372.0,0.0,38.0,2.0,0.0,0.0,0.0,0.0,CLE,E.MOORE,EMOORE_TE,87.2,70.0,1.0,0.0,0.0,1,16.0,71.0,0.0,0.0,0.0,0.5428571428571428,5.314285714285714,5.45,71.0
ESAUBERT,2023,WR,16.0,14.8,11.0,0.0,48.0,0.0,10.0,0.0,0.0,0.0,0.0,0.0,SF,E.SAUBERT,ESAUBERT_WR,14.8,11.0,0.0,0.0,0.0,1,16.0,11.0,0.0,0.0,0.0,0.9090909090909091,4.363636363636363,0.925,11.0
FMOREAU,2022,WR,15.0,85.9,21.0,0.0,389.0,0.0,23.0,4.0,0.0,0.0,0.0,0.0,NO,F.MOREAU,FMOREAU_WR,85.9,21.0,0.0,0.0,0.0,1,15.0,21.0,0.0,0.0,0.0,1.0952380952380953,18.523809523809526,5.7266666666666675,21.0
FMOREAU,2023,TE,16.0,82.5,35.0,0.0,305.0,0.0,28.0,4.0,0.0,0.0,0.0,0.0,NO,F.MOREAU,FMOREAU_TE,82.5,35.0,0.0,0.0,0.0,1,16.0,35.0,0.0,0.0,0.0,0.8,8.714285714285714,5.15625,35.0
GCALCATERRA,2023,TE,16.0,42.1,28.0,0.0,221.0,0.0,20.0,0.0,0.0,0.0,0.0,0.0,PHI,G.CALCATERRA,GCALCATERRA_TE,39.45,27.0,0.0,14.402173913043493,10.526551893512934,2,31.0,27.0,0.0,0.0,0.0,0.7142857142857143,7.892857142857143,2.63125,28.0
GDAVIS,2023,TE,16.0,39.4,41.0,0.0,204.0,0.0,13.0,1.0,0.0,0.0,0.0,0.0,JAX,G.DAVIS,GDAVIS_TE,35.75,37.0,0.0,22.741433021806845,6.9257718979230365,2,31.0,37.0,0.0,0.0,0.0,0.3170731707317073,4.975609756097561,2.4625,41.0
GDORTCH,2023,TE,16.0,70.4,38.0,3.0,276.0,18.0,29.0,2.0,0.0,0.0,0.0,0.0,ARI,G.DORTCH,GDORTCH_TE,62.650000000000006,35.0,3.0,28.233151183970868,5.7161599795273785,2,31.0,38.0,0.0,0.0,0.0,0.7631578947368421,7.2631578947368425,4.4,41.0
GEDWARDS,2023,RB,16.0,38.6,3.0,78.0,4.0,302.0,2.0,0.0,1.0,0.0,0.0,0.0,LAC,G.EDWARDS,GEDWARDS_RB,37.75,3.0,79.0,4.607046070460712,31.40385998799073,2,31.0,82.0,81.0,3.7777777777777777,0.0,0.0,0.0,2.4125,81.0
GKITTLE,2023,TE,16.0,197.3,93.0,0.0,963.0,0.0,71.0,5.0,0.0,0.0,0.0,0.0,SF,G.KITTLE,GKITTLE_TE,189.7,96.0,0.0,8.347062053816593,17.649757419879986,2,31.0,96.0,0.0,0.0,0.0,0.7634408602150538,10.35483870967742,12.33125,93.0
GPICKENS,2023,TE,16.0,166.4,79.0,1.0,814.0,0.0,55.0,5.0,0.0,0.0,0.0,0.0,PIT,G.PICKENS,GPICKENS_TE,162.5,66.0,1.0,4.918032786885253,29.46278254943944,2,31.0,67.0,0.0,0.0,0.0,0.6962025316455697,10.30379746835443,10.4,80.0
GSMITH,2023,RB,16.0,31.0,1.0,25.0,0.0,250.0,0.0,0.0,1.0,0.0,0.0,0.0,SEA,G.SMITH,GSMITH_RB,31.0,1.0,24.5,0.0,0.0,2,31.0,25.5,26.0,9.615384615384615,0.0,0.0,0.0,1.9375,26.0
GWILSON,2023,WR,16.0,206.5,117.0,1.0,702.0,3.0,82.0,9.0,0.0,0.0,0.0,0.0,NYJ,G.WILSON,GWILSON_WR,188.95,105.0,1.0,20.4784130688448,7.612981555851747,2,31.0,106.0,0.0,0.0,0.0,0.7008547008547008,6.0,12.90625,118.0
HHASKINS,2023,RB,16.0,11.4,3.0,17.0,33.0,61.0,2.0,0.0,0.0,0.0,0.0,0.0,LAC,H.HASKINS,HHASKINS_RB,10.4,2.5,18.5,21.27659574468085,7.353910524340094,2,31.0,21.0,20.0,4.7,0.0,0.0,0.0,0.7125,20.0
HHENRY,2022,TE,15.0,98.7,72.0,0.0,507.0,0.0,42.0,1.0,0.0,0.0,0.0,0.0,NE,H.HENRY,HHENRY_TE,98.7,72.0,0.0,0.0,0.0,1,15.0,72.0,0.0,0.0,0.0,0.5833333333333334,7.041666666666667,6.58,72.0
HHENRY,2023,WR,16.0,107.6,90.0,0.0,496.0,0.0,52.0,1.0,0.0,0.0,0.0,0.0,NE,H.HENRY,HHENRY_WR,107.6,90.0,0.0,0.0,0.0,1,16.0,90.0,0.0,0.0,0.0,0.5777777777777777,5.511111111111111,6.725,90.0
HHURST,2023,WR,16.0,12.8,11.0,0.0,58.0,0.0,7.0,0.0,0.0,0.0,0.0,0.0,LAC,H.HURST,HHURST_WR,10.55,11.0,0.0,54.21686746987952,3.31554512956359,2,31.0,11.0,0.0,0.0,0.0,0.6363636363636364,5.2727272727272725,0.8,11.0
HLUEPKE,2023,WR,16.0,18.8,12.0,10.0,78.0,30.0,8.0,0.0,0.0,0.0,0.0,0.0,DAL,H.LUEPKE,HLUEPKE_WR,18.4,10.0,8.5,4.444444444444448,32.52691193458115,2,31.0,18.5,0.0,0.0,0.0,0.6666666666666666,6.5,1.175,22.0
IDAVIS,2023,RB,16.0,27.4,10.0,25.0,58.0,136.0,8.0,0.0,0.0,0.0,0.0,0.0,NYJ,I.DAVIS,IDAVIS_RB,23.799999999999997,9.5,24.5,35.64356435643564,4.674761497844397,2,31.0,34.0,35.0,5.542857142857143,0.0,0.0,0.0,1.7125,35.0
IGUERENDO,2023,RB,16.0,67.4,14.0,66.0,112.0,332.0,11.0,0.0,2.0,0.0,0.0,0.0,SF,I.GUERENDO,IGUERENDO_RB,60.900000000000006,11.5,60.5,23.897058823529427,6.625046611424727,2,31.0,72.0,80.0,5.55,0.0,0.0,0.0,4.2125,80.0
ILIKELY,2023,TE,16.0,94.5,47.0,0.0,445.0,0.0,32.0,3.0,0.0,0.0,0.0,0.0,BAL,I.LIKELY,ILIKELY_TE,86.3,48.5,0.0,20.998719590268895,7.441867709316955,2,31.0,48.5,0.0,0.0,0.0,0.6808510638297872,9.46808510638298,5.90625,47.0
IPACHECO,2023,RB,16.0,43.1,15.0,61.0,101.0,230.0,10.0,0.0,0.0,0.0,0.0,0.0,KC,I.PACHECO,IPACHECO_RB,42.1,13.0,61.0,4.8661800486618,29.76919548795365,2,31.0,74.0,76.0,4.355263157894737,0.0,0.0,0.0,2.69375,76.0
JADDISON,2022,TE,15.0,147.4,62.0,1.0,624.0,10.0,48.0,6.0,0.0,0.0,0.0,0.0,MIN,J.ADDISON,JADDISON_TE,147.4,62.0,1.0,0.0,0.0,1,15.0,63.0,0.0,0.0,0.0,0.7741935483870968,10.064516129032258,9.826666666666666,63.0
JADDISON,2023,WR,16.0,170.0,80.0,2.0,846.0,14.0,48.0,6.0,0.0,0.0,0.0,0.0,MIN,J.ADDISON,JADDISON_WR,170.0,80.0,2.0,0.0,0.0,1,16.0,82.0,0.0,0.0,0.0,0.6,10.575,10.625,82.0
JAKINS,2023,TE,16.0,69.1,34.0,0.0,241.0,0.0,33.0,2.0,0.0,0.0,0.0,0.0,CLE,J.AKINS,JAKINS_TE,65.5,35.0,0.0,11.631663974151852,12.86541504658858,2,31.0,35.0,0.0,0.0,0.0,0.9705882352941176,7.088235294117647,4.31875,34.0
JALLEN,2023,RB,16.0,94.6,0.0,66.0,0.0,406.0,0.0,0.0,9.0,0.0,0.0,0.0,BUF,J.ALLEN,JALLEN_RB,85.25,0.0,65.0,24.637681159420275,6.447150063759702,2,31.0,65.0,66.0,6.151515151515151,0.0,0.0,0.0,5.9125,66.0
JBATES,2023,TE,16.0,16.3,11.0,0.0,93.0,0.0,7.0,0.0,0.0,0.0,0.0,0.0,WAS,J.BATES,JBATES_TE,16.3,11.0,0.0,0.0,0.0,1,16.0,11.0,0.0,0.0,0.0,0.6363636363636364,8.454545454545455,1.01875,11.0
JBOBO,2023,WR,16.0,15.2,15.0,0.0,82.0,0.0,7.0,0.0,0.0,0.0,0.0,0.0,SEA,J.BOBO,JBOBO_WR,15.9,13.5,0.0,-8.433734939759049,16.06142545838013,2,31.0,13.5,0.0,0.0,0.0,0.4666666666666667,5.466666666666667,0.95,15.0
JBROOKS,2022,WR,15.0,25.7,26.0,5.0,149.0,18.0,9.0,0.0,0.0,0.0,0.0,0.0,CAR,J.BROOKS,JBROOKS_WR,25.7,26.0,5.0,0.0,0.0,1,15.0,31.0,0.0,0.0,0.0,0.34615384615384615,5.730769230769231,1.7133333333333334,31.0
JBROOKS,2023,TE,16.0,28.2,31.0,5.0,153.0,19.0,11.0,0.0,0.0,0.0,0.0,0.0,CAR,J.BROOKS,JBROOKS_TE,28.2,31.0,5.0,0.0,0.0,1,16.0,36.0,0.0,0.0,0.0,0.3548387096774194,4.935483870967742,1.7625,36.0
JBURROW,2023,RB,16.0,17.8,3.0,23.0,1.0,177.0,0.0,0.0,0.0,0.0,0.0,0.0,CIN,J.BURROW,JBURROW_RB,16.1,3.0,22.0,23.611111111111114,6.696717163002009,2,31.0,25.0,26.0,6.846153846153846,0.0,0.0,0.0,1.1125,26.0
JBURTON,2023,WR,16.0,11.0,11.0,0.0,90.0,0.0,2.0,0.0,0.0,0.0,0.0,0.0,CIN,J.BURTON,JBURTON_WR,11.4,11.0,0.0,-6.7796610169491585,20.152543263816586,2,31.0,11.0,0.0,0.0,0.0,0.18181818181818182,8.181818181818182,0.6875,11.0
JCHASE,2023,WR,16.0,178.8,85.0,0.0,768.0,0.0,72.0,5.0,0.0,0.0,0.0,0.0,CIN,J.CHASE,JCHASE_WR,159.7,87.5,0.0,27.169274537695603,5.912301201858198,2,31.0,87.5,0.0,0.0,0.0,0.8470588235294118,9.035294117647059,11.175,85.0
JCOKER,2022,WR,15.0,66.3,25.0,0.0,363.0,0.0,24.0,1.0,0.0,0.0,0.0,0.0,CAR,J.COKER,JCOKER_WR,66.3,25.0,0.0,0.0,0.0,1,15.0,25.0,0.0,0.0,0.0,0.96,14.52,4.42,25.0
JCOKER,2023,TE,16.0,76.0,36.0,0.0,440.0,0.0,26.0,1.0,0.0,0.0,0.0,0.0,CAR,J.COKER,JCOKER_TE,76.0,36.0,0.0,0.0,0.0,1,16.0,36.0,0.0,0.0,0.0,0.7222222222222222,12.222222222222221,4.75,36.0
JCONNER,2023,RB,16.0,193.0,48.0,173.0,371.0,879.0,32.0,1.0,5.0,0.0,0.0,0.0,ARI,J.CONNER,JCONNER_RB,194.85,43.0,149.5,-1.8810371123538328,74.47554395362118,2,31.0,192.5,221.0,5.656108597285068,0.0,0.0,0.0,12.0625,221.0
JCOOK,2023,RB,16.0,212.1,31.0,164.0,240.0,771.0,27.0,1.0,13.0,0.0,0.0,0.0,BUF,J.COOK,JCOOK_RB,160.8,23.5,125.0,93.6986301369863,2.2164282731929212,2,31.0,148.5,195.0,5.184615384615385,0.0,0.0,0.0,13.25625,195.0
JCROWDER,2023,WR,16.0,20.5,13.0,0.0,65.0,0.0,8.0,1.0,0.0,0.0,0.0,0.0,WAS,J.CROWDER,JCROWDER_WR,21.45,11.5,0.0,-8.482142857142852,15.965726796264692,2,31.0,11.5,0.0,0.0,0.0,0.6153846153846154,5.0,1.28125,13.0
JDANIELS,2023,RB,16.0,108.7,0.0,126.0,0.0,727.0,0.0,0.0,6.0,0.0,0.0,0.0,WAS,J.DANIELS,JDANIELS_RB,103.2,0.0,127.0,11.258955987717503,13.267894512445766,2,31.0,127.0,126.0,5.76984126984127,0.0,0.0,0.0,6.79375,126.0
JDOBBINS,2023,RB,16.0,149.1,29.0,157.0,109.0,682.0,28.0,0.0,7.0,0.0,0.0,0.0,LAC,J.DOBBINS,JDOBBINS_RB,130.6,28.5,119.5,33.00624442462088,4.9917916552953026,2,31.0,148.0,186.0,4.252688172043011,0.0,0.0,0.0,9.31875,186.0
JDOTSON,2023,WR,16.0,33.8,22.0,0.0,171.0,7.0,16.0,0.0,0.0,0.0,0.0,0.0,PHI,J.DOTSON,JDOTSON_WR,31.25,22.0,0.0,17.77003484320557,8.66552427924691,2,31.0,22.0,0.0,0.0,0.0,0.7272727272727273,7.7727272727272725,2.1125,22.0
JDOWNS,2023,TE,16.0,152.4,77.0,0.0,734.0,0.0,55.0,4.0,0.0,0.0,0.0,0.0,IND,J.DOWNS,JDOWNS_TE,140.05,76.5,0.0,19.342208300704776,8.018648154265263,2,31.0,76.5,0.0,0.0,0.0,0.7142857142857143,9.532467532467532,9.525,77.0
JFERGUSON,2023,TE,16.0,68.1,54.0,0.0,331.0,0.0,35.0,0.0,0.0,0.0,0.0,0.0,DAL,J.FERGUSON,JFERGUSON_TE,68.05,54.0,0.0,0.14705882352940342,962.3723291949458,2,31.0,54.0,0.0,0.0,0.0,0.6481481481481481,6.12962962962963,4.25625,54.0
JFIELDS,2023,RB,16.0,40.0,0.0,44.0,0.0,220.0,0.0,0.0,3.0,0.0,0.0,0.0,PIT,J.FIELDS,JFIELDS_RB,32.75,0.0,38.0,56.86274509803921,3.194172011566818,2,31.0,38.0,44.0,5.0,0.0,0.0,0.0,2.5,44.0
JFORD,2023,RB,16.0,103.4,36.0,77.0,165.0,419.0,33.0,0.0,2.0,0.0,0.0,0.0,CLE,J.FORD,JFORD_RB,92.6,31.0,74.5,26.405867970660157,6.0627859201735435,2,31.0,105.5,113.0,5.168141592920354,0.0,0.0,0.0,6.4625,113.0
JGIBBS,2023,RB,16.0,255.2,37.0,221.0,374.0,1098.0,54.0,0.0,9.0,0.0,0.0,0.0,DET,J.GIBBS,JGIBBS_RB,225.55,37.0,194.0,30.270546197039295,5.379019713208292,2,31.0,231.0,258.0,5.705426356589148,0.0,0.0,0.0,15.95,258.0
JGOFF,2022,WR,15.0,36.2,10.0,9.0,60.0,32.0,9.0,3.0,0.0,0.0,0.0,0.0,DET,J.GOFF,JGOFF_WR,36.2,10.0,9.0,0.0,0.0,1,15.0,19.0,0.0,0.0,0.0,0.9,6.0,2.4133333333333336,19.0
JGOFF,2023,RB,16.0,39.2,13.0,16.0,83.0,39.0,9.0,3.0,0.0,0.0,0.0,0.0,DET,J.GOFF,JGOFF_RB,39.2,13.0,16.0,0.0,0.0,1,16.0,29.0,29.0,4.206896551724138,0.0,0.0,0.0,2.45,29.0
JHASTY,2023,RB,16.0,12.6,9.0,13.0,40.0,46.0,4.0,0.0,0.0,0.0,0.0,0.0,NE,J.HASTY,JHASTY_RB,12.75,8.0,12.5,-2.3255813953488427,60.1040764008564,2,31.0,20.5,22.0,3.909090909090909,0.0,0.0,0.0,0.7875,22.0
JHERBERT,2023,RB,16.0,32.8,0.0,27.0,0.0,268.0,0.0,0.0,1.0,0.0,0.0,0.0,LAC,J.HERBERT,JHERBERT_RB,26.75,0.0,30.5,58.45410628019323,3.1264638672297766,2,31.0,30.5,27.0,9.925925925925926,0.0,0.0,0.0,2.05,27.0
JHILL,2023,WR,16.0,129.0,50.0,41.0,407.0,203.0,50.0,3.0,0.0,0.0,0.0,0.0,BAL,J.HILL,JHILL_WR,113.55,45.0,39.0,31.49847094801224,5.196891586002101,2,31.0,84.0,0.0,0.0,0.0,1.0,8.14,8.0625,91.0
JHURTS,2023,RB,16.0,135.0,1.0,130.0,0.0,450.0,0.0,0.0,15.0,0.0,0.0,0.0,PHI,J.HURTS,JHURTS_RB,136.2,1.0,118.0,-1.7467248908296984,80.25661966467295,2,31.0,119.0,131.0,3.435114503816794,0.0,0.0,0.0,8.4375,131.0
JJACOBS,2023,RB,16.0,121.9,4.0,236.0,40.0,959.0,4.0,0.0,3.0,0.0,0.0,0.0,GB,J.JACOBS,JJACOBS_RB,109.85,3.5,218.0,24.642126789366063,6.446114515630059,2,31.0,221.5,240.0,4.1625,0.0,0.0,0.0,7.61875,240.0
JJEFFERSON,2023,WR,16.0,235.0,140.0,0.0,1140.0,0.0,79.0,7.0,0.0,0.0,0.0,0.0,DET,J.JEFFERSON,JJEFFERSON_WR,222.5,133.0,0.0,11.904761904761903,12.586500705120546,2,31.0,133.0,0.0,0.0,0.0,0.5642857142857143,8.142857142857142,14.6875,140.0
JJENNINGS,2023,WR,16.0,145.6,96.0,0.0,736.0,0.0,54.0,3.0,0.0,0.0,0.0,0.0,SF,J.JENNINGS,JJENNINGS_WR,127.3,88.0,0.0,33.57798165137614,4.918835696450684,2,31.0,88.0,0.0,0.0,0.0,0.5625,7.666666666666667,9.1,96.0
JJEUDY,2023,WR,16.0,182.0,94.0,0.0,960.0,0.0,68.0,3.0,0.0,0.0,0.0,0.0,CLE,J.JEUDY,JJEUDY_WR,169.85,98.5,0.0,15.409004438807871,9.884945414365022,2,31.0,98.5,0.0,0.0,0.0,0.723404255319149,10.212765957446809,11.375,94.0
JJOHNSON,2023,TE,16.0,126.0,54.0,4.0,604.0,16.0,52.0,2.0,0.0,0.0,0.0,0.0,GB,J.JOHNSON,JJOHNSON_TE,109.85,50.0,3.0,34.471718249733186,4.809639623117167,2,31.0,53.0,0.0,0.0,0.0,0.9629629629629629,11.185185185185185,7.875,58.0
JJONES,2023,RB,16.0,18.5,6.0,24.0,50.0,95.0,4.0,0.0,0.0,0.0,0.0,0.0,BAL,J.JONES,JJONES_RB,17.2,5.5,18.5,16.35220125786163,9.355566643391246,2,31.0,24.0,30.0,4.833333333333333,0.0,0.0,0.0,1.15625,30.0
JLOVE,2023,RB,16.0,10.7,1.0,14.0,10.0,87.0,1.0,0.0,0.0,0.0,0.0,0.0,GB,J.LOVE,JLOVE_RB,9.1,1.0,13.0,42.66666666666666,4.0216698179984895,2,31.0,14.0,15.0,6.466666666666667,0.0,0.0,0.0,0.66875,15.0
JMASON,2023,RB,16.0,91.6,9.0,116.0,93.0,553.0,9.0,0.0,3.0,0.0,0.0,0.0,SF,J.MASON,JMASON_RB,79.85,7.5,121.5,34.50807635829663,4.805317147042198,2,31.0,129.0,125.0,5.168,0.0,0.0,0.0,5.725,125.0
JMCLAUGHLIN,2023,RB,16.0,72.8,18.0,78.0,64.0,434.0,17.0,1.0,0.0,0.0,0.0,0.0,DEN,J.MCLAUGHLIN,JMCLAUGHLIN_RB,67.7,18.5,79.0,16.293929712460056,9.386495899280254,2,31.0,97.5,96.0,5.1875,0.0,0.0,0.0,4.55,96.0
JMCMILLAN,2023,TE,16.0,108.5,43.0,2.0,411.0,34.0,34.0,5.0,0.0,0.0,0.0,0.0,TB,J.MCMILLAN,JMCMILLAN_TE,100.6,41.0,2.5,17.04422869471413,9.004423061691986,2,31.0,43.5,0.0,0.0,0.0,0.7906976744186046,9.55813953488372,6.78125,45.0
JMCNICHOLS,2023,RB,16.0,42.8,8.0,51.0,21.0,167.0,6.0,0.0,3.0,0.0,0.0,0.0,WAS,J.MCNICHOLS,JMCNICHOLS_RB,41.849999999999994,8.5,38.0,4.645476772616133,31.149914518586353,2,31.0,46.5,59.0,3.1864406779661016,0.0,0.0,0.0,2.675,59.0
JMETCHIE,2023,TE,16.0,42.7,33.0,0.0,217.0,0.0,21.0,0.0,0.0,0.0,0.0,0.0,HOU,J.METCHIE,JMETCHIE_TE,41.2,34.0,0.0,7.556675062972292,19.42186625659051,2,31.0,34.0,0.0,0.0,0.0,0.6363636363636364,6.575757575757576,2.66875,33.0
JMEYERS,2023,WR,16.0,164.1,105.0,0.0,839.0,2.0,74.0,1.0,0.0,0.0,0.0,0.0,LV,J.MEYERS,JMEYERS_WR,144.7,105.5,0.0,30.965682362330405,5.274141816375949,2,31.0,105.5,0.0,0.0,0.0,0.7047619047619048,7.9904761904761905,10.25625,105.0
JMIMS,2023,WR,16.0,20.7,16.0,15.0,55.0,62.0,9.0,0.0,0.0,0.0,0.0,0.0,NO,J.MIMS,JMIMS_WR,19.15,15.5,12.5,17.61363636363635,8.736190232078965,2,31.0,28.0,0.0,0.0,0.0,0.5625,3.4375,1.29375,31.0
JMINGO,2023,TE,16.0,23.6,31.0,0.0,83.0,3.0,15.0,0.0,0.0,0.0,0.0,0.0,CAR,J.MINGO,JMINGO_TE,22.5,33.5,0.5,10.280373831775714,14.463547796997544,2,31.0,34.0,0.0,0.0,0.0,0.4838709677419355,2.6774193548387095,1.475,31.0
JMIXON,2023,RB,16.0,191.8,49.0,196.0,253.0,885.0,24.0,0.0,9.0,0.0,0.0,0.0,HOU,J.MIXON,JMIXON_RB,192.2,46.5,199.0,-0.4153686396676962,339.76480836014326,2,31.0,245.5,245.0,4.644897959183673,0.0,0.0,0.0,11.9875,245.0
JMUNDT,2023,WR,16.0,36.6,25.0,0.0,156.0,0.0,15.0,1.0,0.0,0.0,0.0,0.0,MIN,J.MUNDT,JMUNDT_WR,29.75,23.5,0.0,59.82532751091705,3.071011202963472,2,31.0,23.5,0.0,0.0,0.0,0.6,6.24,2.2875,25.0
JNAILOR,2022,WR,15.0,84.9,23.0,2.0,319.0,0.0,23.0,5.0,0.0,0.0,0.0,0.0,MIN,J.NAILOR,JNAILOR_WR,84.9,23.0,2.0,0.0,0.0,1,15.0,25.0,0.0,0.0,0.0,1.0,13.869565217391305,5.66,25.0
JNAILOR,2023,TE,16.0,103.3,37.0,2.0,353.0,0.0,26.0,7.0,0.0,0.0,0.0,0.0,MIN,J.NAILOR,JNAILOR_TE,103.3,37.0,2.0,0.0,0.0,1,16.0,39.0,0.0,0.0,0.0,0.7027027027027027,9.54054054054054,6.45625,39.0
JOJUKWU,2023,RB,16.0,18.6,0.0,19.0,0.0,66.0,0.0,0.0,2.0,0.0,0.0,0.0,TEN,J.OJUKWU,JOJUKWU_RB,18.6,0.0,19.0,0.0,0.0,1,16.0,19.0,19.0,3.473684210526316,0.0,0.0,0.0,1.1625,19.0
JOLIVER,2023,WR,16.0,42.2,23.0,0.0,182.0,0.0,18.0,1.0,0.0,0.0,0.0,0.0,MIN,J.OLIVER,JOLIVER_WR,37.6,22.5,0.0,27.878787878787886,5.779829341872648,2,31.0,22.5,0.0,0.0,0.0,0.782608695652174,7.913043478260869,2.6375,23.0
JONATHAN TAYLOR,2024,RB,14.0,228.7,31.0,303.0,136.0,1431.0,18.0,1.0,11.0,0.0,0.0,0.0,IND,JONATHAN TAYLOR,JONATHAN TAYLOR_RB,228.7,31.0,303.0,0.0,0.0,1,14.0,334.0,334.0,4.691616766467066,0.0,0.0,0.0,16.335714285714285,334.0
JOS ALLEN,2024,QB,17.0,408.5,0.0,101.0,0.0,524.0,0.0,0.0,12.0,4306.0,28.0,6.0,BUF,JOS ALLEN,JOS ALLEN_QB,408.5,0.0,101.0,0.0,0.0,1,17.0,101.0,0.0,0.0,6.502554575011612,0.0,0.0,24.029411764705884,101.0
JPALMER,2023,TE,16.0,68.9,52.0,0.0,399.0,0.0,29.0,0.0,0.0,0.0,0.0,0.0,LAC,J.PALMER,JPALMER_TE,70.4,50.5,0.0,-4.172461752433936,33.186878263688634,2,31.0,50.5,0.0,0.0,0.0,0.5576923076923077,7.673076923076923,4.30625,52.0
JPOLK,2022,WR,15.0,18.8,21.0,0.0,58.0,0.0,7.0,1.0,0.0,0.0,0.0,0.0,NE,J.POLK,JPOLK_WR,18.8,21.0,0.0,0.0,0.0,1,15.0,21.0,0.0,0.0,0.0,0.3333333333333333,2.761904761904762,1.2533333333333334,21.0
JPOLK,2023,TE,16.0,20.0,32.0,0.0,60.0,0.0,8.0,1.0,0.0,0.0,0.0,0.0,NE,J.POLK,JPOLK_TE,20.0,32.0,0.0,0.0,0.0,1,16.0,32.0,0.0,0.0,0.0,0.25,1.875,1.25,32.0
JREAGOR,2023,WR,16.0,12.3,9.0,2.0,73.0,0.0,5.0,0.0,0.0,0.0,0.0,0.0,LAC,J.REAGOR,JREAGOR_WR,12.3,9.0,2.0,0.0,0.0,1,16.0,11.0,0.0,0.0,0.0,0.5555555555555556,8.11111111111111,0.76875,11.0
JREED,2023,TE,16.0,157.1,50.0,14.0,685.0,116.0,47.0,5.0,0.0,0.0,0.0,0.0,GB,J.REED,JREED_TE,149.6,44.0,13.5,10.555946516537649,14.104423262067668,2,31.0,57.5,0.0,0.0,0.0,0.94,13.7,9.81875,64.0
JREYNOLDS,2023,WR,16.0,19.7,13.0,0.0,107.0,0.0,9.0,0.0,0.0,0.0,0.0,0.0,DEN,J.REYNOLDS,JREYNOLDS_WR,16.75,13.5,0.0,42.75362318840579,4.0149283338558215,2,31.0,13.5,0.0,0.0,0.0,0.6923076923076923,8.23076923076923,1.23125,13.0
JRUCKERT,2023,WR,16.0,20.8,15.0,0.0,68.0,0.0,14.0,0.0,0.0,0.0,0.0,0.0,NYJ,J.RUCKERT,JRUCKERT_WR,19.25,16.5,0.0,17.51412429378532,8.78181002441357,2,31.0,16.5,0.0,0.0,0.0,0.9333333333333333,4.533333333333333,1.3,15.0
JSANDERS,2022,WR,15.0,42.0,23.0,0.0,230.0,0.0,19.0,0.0,0.0,0.0,0.0,0.0,CAR,J.SANDERS,JSANDERS_WR,42.0,23.0,0.0,0.0,0.0,1,15.0,23.0,0.0,0.0,0.0,0.8260869565217391,10.0,2.8,23.0
JSANDERS,2023,TE,16.0,36.2,35.0,0.0,202.0,0.0,16.0,0.0,0.0,0.0,0.0,0.0,CAR,J.SANDERS,JSANDERS_TE,36.2,35.0,0.0,0.0,0.0,1,16.0,35.0,0.0,0.0,0.0,0.45714285714285713,5.771428571428571,2.2625,35.0
JSMITH,2023,WR,16.0,419.4,221.0,4.0,1558.0,16.0,190.0,12.0,0.0,0.0,0.0,0.0,SEA,J.SMITH,JSMITH_WR,406.6,224.0,4.0,6.500761808024369,22.461688846128958,2,31.0,228.0,0.0,0.0,0.0,0.8597285067873304,7.049773755656108,26.2125,225.0
JTAYLOR,2023,RB,16.0,195.7,27.0,235.0,105.0,1152.0,16.0,0.0,9.0,0.0,0.0,0.0,IND,J.TAYLOR,JTAYLOR_RB,180.3,25.5,219.5,18.67798665858095,8.278659262852896,2,31.0,245.0,262.0,4.797709923664122,0.0,0.0,0.0,12.23125,262.0
JTOLBERT,2023,TE,16.0,117.2,70.0,0.0,512.0,0.0,36.0,5.0,0.0,0.0,0.0,0.0,DAL,J.TOLBERT,JTOLBERT_TE,107.35,62.5,0.0,20.205128205128208,7.70638710257623,2,31.0,62.5,0.0,0.0,0.0,0.5142857142857142,7.314285714285714,7.325,70.0
JWADDLE,2023,TE,16.0,101.7,67.0,3.0,558.0,9.0,39.0,1.0,0.0,0.0,0.0,0.0,MIA,J.WADDLE,JWADDLE_TE,105.30000000000001,57.5,2.5,-6.611570247933886,20.68287334970651,2,31.0,60.0,0.0,0.0,0.0,0.582089552238806,8.328358208955224,6.35625,70.0
JWARREN,2023,RB,16.0,110.4,44.0,103.0,277.0,487.0,28.0,0.0,1.0,0.0,0.0,0.0,PIT,J.WARREN,JWARREN_RB,100.65,38.5,86.0,21.45214521452145,7.299517695018053,2,31.0,124.5,147.0,5.197278911564626,0.0,0.0,0.0,6.9,147.0
JWHITTINGTON,2023,WR,16.0,35.4,21.0,2.0,193.0,11.0,15.0,0.0,0.0,0.0,0.0,0.0,LA,J.WHITTINGTON,JWHITTINGTON_WR,36.45,17.0,1.5,-5.600000000000003,24.54670683261871,2,31.0,18.5,0.0,0.0,0.0,0.7142857142857143,9.19047619047619,2.2125,23.0
JWHYLE,2023,WR,16.0,40.1,24.0,0.0,181.0,0.0,22.0,0.0,0.0,0.0,0.0,0.0,TEN,J.WHYLE,JWHYLE_WR,35.2,24.5,0.0,32.34323432343235,5.079624224033974,2,31.0,24.5,0.0,0.0,0.0,0.9166666666666666,7.541666666666667,2.50625,24.0
JWILLIAMS,2023,RB,16.0,220.3,72.0,95.0,786.0,407.0,65.0,3.0,3.0,0.0,0.0,0.0,DEN,J.WILLIAMS,JWILLIAMS_RB,205.05,76.0,80.0,16.069546891464697,9.507688228347645,2,31.0,156.0,167.0,7.1437125748503,0.0,0.0,0.0,13.76875,167.0
JWILSON,2023,WR,16.0,20.9,14.0,13.0,39.0,40.0,7.0,1.0,0.0,0.0,0.0,0.0,MIA,J.WILSON,JWILSON_WR,17.1,13.5,13.0,57.14285714285713,3.181980515339465,2,31.0,26.5,0.0,0.0,0.0,0.5,2.7857142857142856,1.30625,27.0
JWRIGHT,2023,RB,16.0,26.1,6.0,54.0,8.0,223.0,3.0,0.0,0.0,0.0,0.0,0.0,MIA,J.WRIGHT,JWRIGHT_RB,23.9,4.5,51.5,20.276497695852544,7.681750941072034,2,31.0,56.0,60.0,3.85,0.0,0.0,0.0,1.63125,60.0
KALLEN,2023,WR,16.0,140.8,109.0,0.0,528.0,0.0,58.0,5.0,0.0,0.0,0.0,0.0,CHI,K.ALLEN,KALLEN_WR,137.05,105.0,0.0,5.6264066016504115,25.842395829764357,2,31.0,105.0,0.0,0.0,0.0,0.5321100917431193,4.844036697247707,8.8,109.0
KAUSTIN,2023,WR,16.0,18.2,17.0,0.0,107.0,5.0,7.0,0.0,0.0,0.0,0.0,0.0,NO,K.AUSTIN,KAUSTIN_WR,17.05,14.5,0.0,14.46540880503144,10.48362662541795,2,31.0,14.5,0.0,0.0,0.0,0.4117647058823529,6.294117647058823,1.1375,17.0
KBOURNE,2023,TE,16.0,57.5,36.0,0.0,281.0,4.0,23.0,1.0,0.0,0.0,0.0,0.0,NE,K.BOURNE,KBOURNE_TE,55.3,33.5,0.0,8.286252354048962,17.77409318164368,2,31.0,33.5,0.0,0.0,0.0,0.6388888888888888,7.805555555555555,3.59375,36.0
KBOUTTE,2023,TE,16.0,80.3,56.0,0.0,413.0,0.0,27.0,2.0,0.0,0.0,0.0,0.0,NE,K.BOUTTE,KBOUTTE_TE,79.25,47.0,0.0,2.685421994884903,53.36972610384195,2,31.0,47.0,0.0,0.0,0.0,0.48214285714285715,7.375,5.01875,56.0
KCOLEMAN,2023,TE,16.0,79.3,47.0,0.0,478.0,5.0,25.0,1.0,0.0,0.0,0.0,0.0,BUF,K.COLEMAN,KCOLEMAN_TE,73.65,47.5,0.0,16.617647058823525,9.217418483962698,2,31.0,47.5,0.0,0.0,0.0,0.5319148936170213,10.170212765957446,4.95625,47.0
KGAINWELL,2023,RB,16.0,43.7,19.0,68.0,125.0,162.0,15.0,0.0,0.0,0.0,0.0,0.0,PHI,K.GAINWELL,KGAINWELL_RB,39.900000000000006,17.0,59.0,21.052631578947373,7.424621202458749,2,31.0,76.0,87.0,3.2988505747126435,0.0,0.0,0.0,2.73125,87.0
KGRANSON,2023,WR,16.0,33.0,27.0,0.0,170.0,0.0,16.0,0.0,0.0,0.0,0.0,0.0,IND,K.GRANSON,KGRANSON_WR,30.3,23.5,0.0,19.56521739130434,7.935309433315702,2,31.0,23.5,0.0,0.0,0.0,0.5925925925925926,6.296296296296297,2.0625,27.0
KHERBERT,2023,RB,16.0,17.5,8.0,27.0,19.0,96.0,6.0,0.0,0.0,0.0,0.0,0.0,CIN,K.HERBERT,KHERBERT_RB,18.35,7.5,24.0,-8.854166666666663,15.265187570321359,2,31.0,31.5,35.0,3.2857142857142856,0.0,0.0,0.0,1.09375,35.0
KHODGE,2023,WR,16.0,13.7,11.0,0.0,97.0,0.0,4.0,0.0,0.0,0.0,0.0,0.0,ATL,K.HODGE,KHODGE_WR,13.7,11.0,0.0,0.0,0.0,1,16.0,11.0,0.0,0.0,0.0,0.36363636363636365,8.818181818181818,0.85625,11.0
KHUNT,2023,RB,16.0,127.7,20.0,136.0,125.0,672.0,18.0,0.0,5.0,0.0,0.0,0.0,KC,K.HUNT,KHUNT_RB,123.30000000000001,24.0,153.5,7.40117746005046,19.815060481886672,2,31.0,177.5,156.0,5.108974358974359,0.0,0.0,0.0,7.98125,156.0
KJUSZCZYK,2023,WR,16.0,41.0,20.0,4.0,139.0,21.0,13.0,2.0,0.0,0.0,0.0,0.0,SF,K.JUSZCZYK,KJUSZCZYK_WR,42.85,20.0,3.5,-8.27740492170023,16.378121931807318,2,31.0,23.5,0.0,0.0,0.0,0.65,6.95,2.5625,24.0
KMCINTOSH,2023,RB,16.0,19.0,3.0,22.0,16.0,154.0,2.0,0.0,0.0,0.0,0.0,0.0,SEA,K.MCINTOSH,KMCINTOSH_RB,17.8,2.5,19.5,14.457831325301196,10.48875058760046,2,31.0,22.0,25.0,6.8,0.0,0.0,0.0,1.1875,25.0
KMILLER,2023,RB,16.0,20.2,5.0,26.0,26.0,136.0,4.0,0.0,0.0,0.0,0.0,0.0,NO,K.MILLER,KMILLER_RB,19.65,4.5,26.0,5.75916230366491,25.26299681875579,2,31.0,30.5,31.0,5.225806451612903,0.0,0.0,0.0,1.2625,31.0
KMURRAY,2023,RB,16.0,56.7,4.0,49.0,8.0,419.0,2.0,0.0,2.0,0.0,0.0,0.0,ARI,K.MURRAY,KMURRAY_RB,53.5,4.0,44.0,12.723658051689874,11.82194149796258,2,31.0,48.0,53.0,8.056603773584905,0.0,0.0,0.0,3.54375,53.0
KPITTS,2023,TE,16.0,104.6,71.0,0.0,446.0,0.0,42.0,3.0,0.0,0.0,0.0,0.0,ATL,K.PITTS,KPITTS_TE,95.65,61.0,0.0,20.645905420991916,7.556956829105397,2,31.0,61.0,0.0,0.0,0.0,0.5915492957746479,6.28169014084507,6.5375,71.0
KRAYMOND,2023,WR,16.0,39.3,17.0,1.0,183.0,0.0,15.0,1.0,0.0,0.0,0.0,0.0,DET,K.RAYMOND,KRAYMOND_WR,37.65,18.0,1.0,9.166666666666659,16.13489109798396,2,31.0,19.0,0.0,0.0,0.0,0.8823529411764706,10.764705882352942,2.45625,18.0
KSHAKIR,2023,WR,16.0,155.0,91.0,1.0,728.0,2.0,76.0,1.0,0.0,0.0,0.0,0.0,BUF,K.SHAKIR,KSHAKIR_WR,138.7,93.5,1.0,26.63398692810457,6.016914757703935,2,31.0,94.5,0.0,0.0,0.0,0.8351648351648352,8.0,9.6875,92.0
KTURPIN,2023,TE,16.0,70.7,35.0,8.0,343.0,64.0,24.0,1.0,0.0,0.0,0.0,0.0,DAL,K.TURPIN,KTURPIN_TE,68.45,34.5,9.5,6.797583081570997,21.511759632097412,2,31.0,44.0,0.0,0.0,0.0,0.6857142857142857,9.8,4.41875,43.0
KVIDAL,2023,RB,16.0,20.9,6.0,37.0,40.0,119.0,5.0,0.0,0.0,0.0,0.0,0.0,LAC,K.VIDAL,KVIDAL_RB,19.85,6.5,33.0,11.170212765957436,13.367685339574269,2,31.0,39.5,43.0,3.697674418604651,0.0,0.0,0.0,1.30625,43.0
KWALKER,2023,RB,16.0,139.5,39.0,91.0,267.0,458.0,31.0,0.0,6.0,0.0,0.0,0.0,SEA,K.WALKER,KWALKER_RB,129.1,34.5,96.0,17.523167649536646,8.777642831844547,2,31.0,130.5,130.0,5.576923076923077,0.0,0.0,0.0,8.71875,130.0
KWILLIAMS,2023,RB,16.0,222.8,40.0,305.0,192.0,986.0,33.0,2.0,10.0,0.0,0.0,0.0,LA,K.WILLIAMS,KWILLIAMS_RB,218.8,36.5,266.0,3.7243947858472994,38.67874093090415,2,31.0,302.5,345.0,3.4144927536231884,0.0,0.0,0.0,13.925,345.0
LAMAR JACKSON,2024,QB,17.0,433.7,0.0,148.0,0.0,915.0,0.0,0.0,4.0,3955.0,41.0,4.0,BAL,LAMAR JACKSON,LAMAR JACKSON_QB,433.7,0.0,148.0,0.0,0.0,1,17.0,148.0,0.0,0.0,10.366624525916562,0.0,0.0,25.511764705882353,148.0
LFARRELL,2023,WR,16.0,12.9,14.0,0.0,59.0,0.0,7.0,0.0,0.0,0.0,0.0,0.0,JAX,L.FARRELL,LFARRELL_WR,11.850000000000001,12.5,0.0,19.44444444444444,7.980205101962468,2,31.0,12.5,0.0,0.0,0.0,0.5,4.214285714285714,0.80625,14.0
LHUMPHREY,2023,TE,16.0,39.0,35.0,0.0,170.0,0.0,22.0,0.0,0.0,0.0,0.0,0.0,DEN,L.HUMPHREY,LHUMPHREY_TE,40.6,34.0,0.0,-7.582938388625599,17.942834572608625,2,31.0,34.0,0.0,0.0,0.0,0.6285714285714286,4.857142857142857,2.4375,35.0
LJACKSON,2023,RB,16.0,79.3,0.0,101.0,0.0,673.0,0.0,0.0,2.0,0.0,0.0,0.0,BAL,L.JACKSON,LJACKSON_RB,89.0,0.0,98.0,-19.655521783181364,6.487886961402341,2,31.0,98.0,101.0,6.663366336633663,0.0,0.0,0.0,4.95625,101.0
LKRULL,2023,WR,16.0,21.7,18.0,0.0,87.0,0.0,13.0,0.0,0.0,0.0,0.0,0.0,DEN,L.KRULL,LKRULL_WR,21.75,15.0,0.0,-0.45871559633028175,307.5914498161438,2,31.0,15.0,0.0,0.0,0.0,0.7222222222222222,4.833333333333333,1.35625,18.0
LMCCAFFREY,2023,WR,16.0,26.0,13.0,0.0,130.0,0.0,13.0,0.0,0.0,0.0,0.0,0.0,WAS,L.MCCAFFREY,LMCCAFFREY_WR,23.7,14.5,0.0,21.495327102803746,7.286274223530944,2,31.0,14.5,0.0,0.0,0.0,1.0,10.0,1.625,13.0
LMCCONKEY,2022,TE,15.0,148.2,77.0,0.0,602.0,0.0,52.0,6.0,0.0,0.0,0.0,0.0,LAC,L.MCCONKEY,LMCCONKEY_TE,148.2,77.0,0.0,0.0,0.0,1,15.0,77.0,0.0,0.0,0.0,0.6753246753246753,7.818181818181818,9.879999999999999,77.0
LMCCONKEY,2023,WR,16.0,207.1,114.0,0.0,941.0,0.0,77.0,6.0,0.0,0.0,0.0,0.0,LAC,L.MCCONKEY,LMCCONKEY_WR,207.1,114.0,0.0,0.0,0.0,1,16.0,114.0,0.0,0.0,0.0,0.6754385964912281,8.25438596491228,12.94375,114.0
LSCHOONMAKER,2023,WR,16.0,38.7,22.0,0.0,157.0,0.0,23.0,0.0,0.0,0.0,0.0,0.0,DAL,L.SCHOONMAKER,LSCHOONMAKER_WR,34.150000000000006,21.5,0.0,30.743243243243246,5.307186060993538,2,31.0,21.5,0.0,0.0,0.0,1.0454545454545454,7.136363636363637,2.41875,22.0
MALIE,2023,WR,16.0,18.7,14.0,0.0,87.0,0.0,10.0,0.0,0.0,0.0,0.0,0.0,IND,M.ALIE,MALIE_WR,17.15,13.0,0.0,19.871794871794872,7.823794385386639,2,31.0,13.0,0.0,0.0,0.0,0.7142857142857143,6.214285714285714,1.16875,14.0
MANDREWS,2023,TE,16.0,146.2,56.0,7.0,513.0,9.0,52.0,7.0,0.0,0.0,0.0,0.0,BAL,M.ANDREWS,MANDREWS_TE,134.25,52.0,6.0,19.542109566639404,7.943856516677325,2,31.0,58.0,0.0,0.0,0.0,0.9285714285714286,9.160714285714286,9.1375,63.0
MBROWN,2023,WR,16.0,22.9,25.0,0.0,129.0,0.0,10.0,0.0,0.0,0.0,0.0,0.0,KC,M.BROWN,MBROWN_WR,18.549999999999997,19.0,0.0,61.267605633802816,3.0153634002322884,2,31.0,19.0,0.0,0.0,0.0,0.4,5.16,1.43125,25.0
MCARTER,2023,RB,16.0,26.9,8.0,28.0,62.0,127.0,8.0,0.0,0.0,0.0,0.0,0.0,ARI,M.CARTER,MCARTER_RB,24.15,7.5,22.5,25.700934579439256,6.2096831875109535,2,31.0,30.0,36.0,5.25,0.0,0.0,0.0,1.68125,36.0
MEVANS,2022,TE,15.0,169.2,79.0,0.0,502.0,0.0,65.0,9.0,0.0,0.0,0.0,0.0,TB,M.EVANS,MEVANS_TE,169.2,79.0,0.0,0.0,0.0,1,15.0,79.0,0.0,0.0,0.0,0.8227848101265823,6.3544303797468356,11.28,79.0
MEVANS,2023,WR,16.0,174.0,111.0,0.0,680.0,0.0,64.0,7.0,0.0,0.0,0.0,0.0,TB,M.EVANS,MEVANS_WR,174.0,111.0,0.0,0.0,0.0,1,16.0,111.0,0.0,0.0,0.0,0.5765765765765766,6.126126126126126,10.875,111.0
MGESICKI,2022,TE,15.0,85.8,57.0,0.0,418.0,0.0,38.0,1.0,0.0,0.0,0.0,0.0,CIN,M.GESICKI,MGESICKI_TE,85.8,57.0,0.0,0.0,0.0,1,15.0,57.0,0.0,0.0,0.0,0.6666666666666666,7.333333333333333,5.72,57.0
MGESICKI,2023,WR,16.0,96.5,82.0,0.0,545.0,0.0,36.0,1.0,0.0,0.0,0.0,0.0,CIN,M.GESICKI,MGESICKI_WR,96.5,82.0,0.0,0.0,0.0,1,16.0,82.0,0.0,0.0,0.0,0.43902439024390244,6.646341463414634,6.03125,82.0
MHARDMAN,2023,WR,16.0,22.3,11.0,2.0,64.0,49.0,11.0,0.0,0.0,0.0,0.0,0.0,KC,M.HARDMAN,MHARDMAN_WR,17.7,10.5,2.0,70.2290076335878,2.7208239189134544,2,31.0,12.5,0.0,0.0,0.0,1.0,5.818181818181818,1.39375,13.0
MHARRISON,2022,TE,15.0,122.1,66.0,0.0,641.0,0.0,34.0,4.0,0.0,0.0,0.0,0.0,ARI,M.HARRISON,MHARRISON_TE,122.1,66.0,0.0,0.0,0.0,1,15.0,66.0,0.0,0.0,0.0,0.5151515151515151,9.712121212121213,8.139999999999999,66.0
MHARRISON,2023,WR,16.0,157.9,103.0,0.0,769.0,0.0,45.0,6.0,0.0,0.0,0.0,0.0,ARI,M.HARRISON,MHARRISON_WR,157.9,103.0,0.0,0.0,0.0,1,16.0,103.0,0.0,0.0,0.0,0.4368932038834951,7.466019417475728,9.86875,103.0
MHEATH,2023,WR,16.0,21.8,12.0,0.0,98.0,0.0,6.0,1.0,0.0,0.0,0.0,0.0,GB,M.HEATH,MHEATH_WR,23.25,12.0,0.0,-11.740890688259103,11.338091491439474,2,31.0,12.0,0.0,0.0,0.0,0.5,8.166666666666666,1.3625,12.0
MHOLLINS,2023,TE,16.0,89.9,45.0,0.0,399.0,0.0,26.0,4.0,0.0,0.0,0.0,0.0,BUF,M.HOLLINS,MHOLLINS_TE,84.9,43.0,0.0,12.515644555694616,12.006673144547577,2,31.0,43.0,0.0,0.0,0.0,0.5777777777777777,8.866666666666667,5.61875,45.0
MJONES,2023,RB,16.0,18.2,2.0,11.0,41.0,61.0,2.0,0.0,1.0,0.0,0.0,0.0,JAX,M.JONES,MJONES_RB,18.2,2.0,11.0,0.0,0.0,1,16.0,13.0,13.0,7.846153846153846,0.0,0.0,0.0,1.1375,13.0
MMAYER,2023,WR,16.0,25.2,19.0,0.0,82.0,0.0,17.0,0.0,0.0,0.0,0.0,0.0,LV,M.MAYER,MMAYER_WR,25.7,20.0,0.0,-3.816793893129771,36.34528855298854,2,31.0,20.0,0.0,0.0,0.0,0.8947368421052632,4.315789473684211,1.575,19.0
MMIMS,2023,TE,16.0,92.8,46.0,10.0,368.0,30.0,29.0,4.0,0.0,0.0,0.0,0.0,DEN,M.MIMS,MMIMS_TE,85.65,46.5,9.5,18.216560509554135,8.470446966241653,2,31.0,56.0,0.0,0.0,0.0,0.6304347826086957,8.0,5.8,56.0
MNABERS,2023,WR,16.0,206.6,141.0,3.0,945.0,1.0,82.0,5.0,0.0,0.0,0.0,0.0,NYG,M.NABERS,MNABERS_WR,206.55,128.5,3.0,0.04842615012106262,2921.0581130817936,2,31.0,131.5,0.0,0.0,0.0,0.5815602836879432,6.702127659574468,12.9125,144.0
MPEART,2023,RB,16.0,19.4,0.0,30.0,0.0,74.0,0.0,0.0,2.0,0.0,0.0,0.0,DEN,M.PEART,MPEART_RB,16.299999999999997,0.0,26.0,46.96969696969697,3.7180130752712013,2,31.0,26.0,30.0,2.466666666666667,0.0,0.0,0.0,1.2125,30.0
MPITTMAN,2023,WR,16.0,144.9,87.0,0.0,729.0,0.0,60.0,2.0,0.0,0.0,0.0,0.0,IND,M.PITTMAN,MPITTMAN_WR,131.15,89.0,0.0,23.42419080068143,6.744513043826597,2,31.0,89.0,0.0,0.0,0.0,0.6896551724137931,8.379310344827585,9.05625,87.0
MRUDOLPH,2023,RB,16.0,11.7,5.0,13.0,30.0,77.0,1.0,0.0,0.0,0.0,0.0,0.0,TEN,M.RUDOLPH,MRUDOLPH_RB,10.1,4.5,13.0,37.647058823529406,4.463611556240082,2,31.0,17.5,18.0,5.944444444444445,0.0,0.0,0.0,0.73125,18.0
MSANDERS,2023,RB,16.0,51.2,20.0,31.0,105.0,137.0,15.0,1.0,1.0,0.0,0.0,0.0,CAR,M.SANDERS,MSANDERS_RB,50.25,20.5,29.0,3.8539553752535616,37.402227110130426,2,31.0,49.5,51.0,4.745098039215686,0.0,0.0,0.0,3.2,51.0
MTIPTON,2023,WR,16.0,17.5,22.0,0.0,75.0,0.0,10.0,0.0,0.0,0.0,0.0,0.0,NO,M.TIPTON,MTIPTON_WR,17.55,22.0,0.0,-0.5681818181818262,248.19448019647464,2,31.0,22.0,0.0,0.0,0.0,0.45454545454545453,3.409090909090909,1.09375,22.0
MVALDES,2023,TE,16.0,64.5,36.0,0.0,333.0,2.0,13.0,3.0,0.0,0.0,0.0,0.0,NO,M.VALDES,MVALDES_TE,57.6,34.0,0.0,27.2189349112426,5.90280443425292,2,31.0,34.0,0.0,0.0,0.0,0.3611111111111111,9.25,4.03125,36.0
MWASHINGTON,2023,WR,16.0,38.5,28.0,5.0,204.0,31.0,15.0,0.0,0.0,0.0,0.0,0.0,MIA,M.WASHINGTON,MWASHINGTON_WR,35.35,23.0,4.0,19.565217391304337,7.9353094333157035,2,31.0,27.0,0.0,0.0,0.0,0.5357142857142857,7.285714285714286,2.40625,33.0
MWILLIAMS,2022,TE,15.0,29.8,31.0,0.0,178.0,0.0,12.0,0.0,0.0,0.0,0.0,0.0,NO,M.WILLIAMS,MWILLIAMS_TE,29.8,31.0,0.0,0.0,0.0,1,15.0,31.0,0.0,0.0,0.0,0.3870967741935484,5.741935483870968,1.9866666666666668,31.0
MWILLIAMS,2023,WR,16.0,39.1,23.0,0.0,291.0,0.0,10.0,0.0,0.0,0.0,0.0,0.0,NO,M.WILLIAMS,MWILLIAMS_WR,39.1,23.0,0.0,0.0,0.0,1,16.0,23.0,0.0,0.0,0.0,0.43478260869565216,12.652173913043478,2.44375,23.0
MWILLIS,2023,RB,16.0,12.4,0.0,14.0,0.0,124.0,0.0,0.0,0.0,0.0,0.0,0.0,GB,M.WILLIS,MWILLIS_RB,10.95,0.0,13.0,30.526315789473692,5.3398753475811676,2,31.0,13.0,14.0,8.857142857142858,0.0,0.0,0.0,0.775,14.0
MWOODS,2023,WR,16.0,13.5,15.0,0.0,65.0,0.0,7.0,0.0,0.0,0.0,0.0,0.0,CLE,M.WOODS,MWOODS_WR,12.85,14.5,0.0,10.655737704918039,13.978957135764816,2,31.0,14.5,0.0,0.0,0.0,0.4666666666666667,4.333333333333333,0.84375,15.0
NADKINS,2023,WR,16.0,23.1,12.0,0.0,71.0,0.0,10.0,1.0,0.0,0.0,0.0,0.0,DEN,N.ADKINS,NADKINS_WR,22.05,10.0,0.0,10.000000000000005,14.849242404917488,2,31.0,10.0,0.0,0.0,0.0,0.8333333333333334,5.916666666666667,1.44375,12.0
NAGHOLOR,2023,WR,16.0,44.2,25.0,0.0,262.0,0.0,12.0,1.0,0.0,0.0,0.0,0.0,BAL,N.AGHOLOR,NAGHOLOR_WR,39.95,22.5,0.0,23.809523809523807,6.646803743153548,2,31.0,22.5,0.0,0.0,0.0,0.48,10.48,2.7625,25.0
NBROWN,2023,TE,16.0,63.8,47.0,0.0,328.0,0.0,31.0,0.0,0.0,0.0,0.0,0.0,WAS,N.BROWN,NBROWN_TE,58.0,44.5,0.0,22.22222222222221,7.071067811865478,2,31.0,44.5,0.0,0.0,0.0,0.6595744680851063,6.9787234042553195,3.9875,47.0
NCHUBB,2023,RB,16.0,32.3,7.0,67.0,22.0,271.0,3.0,0.0,0.0,0.0,0.0,0.0,CLE,N.CHUBB,NCHUBB_RB,32.349999999999994,7.0,70.0,-0.3086419753086464,457.4980874276896,2,31.0,77.0,74.0,3.9594594594594597,0.0,0.0,0.0,2.01875,74.0
NCOLLINS,2023,WR,16.0,216.9,88.0,0.0,1089.0,0.0,66.0,7.0,0.0,0.0,0.0,0.0,HOU,N.COLLINS,NCOLLINS_WR,194.55,92.0,0.0,25.958188153310118,6.15515097448961,2,31.0,92.0,0.0,0.0,0.0,0.75,12.375,13.55625,88.0
NFANT,2023,TE,16.0,87.1,51.0,0.0,411.0,0.0,46.0,0.0,0.0,0.0,0.0,0.0,SEA,N.FANT,NFANT_TE,73.65,48.5,0.0,44.68438538205978,3.8720010731887915,2,31.0,48.5,0.0,0.0,0.0,0.9019607843137255,8.058823529411764,5.44375,51.0
NGRAY,2023,TE,16.0,97.9,41.0,0.0,359.0,0.0,38.0,4.0,0.0,0.0,0.0,0.0,KC,N.GRAY,NGRAY_TE,92.1,38.5,0.0,13.441483198146011,11.228368025393273,2,31.0,38.5,0.0,0.0,0.0,0.926829268292683,8.75609756097561,6.11875,41.0
NHARRIS,2023,RB,16.0,144.5,40.0,245.0,217.0,848.0,26.0,0.0,2.0,0.0,0.0,0.0,PIT,N.HARRIS,NHARRIS_RB,150.5,39.5,204.0,-7.667731629392971,17.736595094762567,2,31.0,243.5,285.0,3.736842105263158,0.0,0.0,0.0,9.03125,285.0
NVANNETT,2023,WR,16.0,31.7,15.0,0.0,87.0,0.0,11.0,2.0,0.0,0.0,0.0,0.0,TEN,N.VANNETT,NVANNETT_WR,29.9,12.0,0.0,12.811387900355864,11.74582930970988,2,31.0,12.0,0.0,0.0,0.0,0.7333333333333333,5.8,1.98125,15.0
NWESTBROOK,2023,TE,16.0,99.9,52.0,0.0,409.0,0.0,23.0,6.0,0.0,0.0,0.0,0.0,TEN,N.WESTBROOK,NWESTBROOK_TE,91.85,41.5,0.0,19.21241050119333,8.068044453662653,2,31.0,41.5,0.0,0.0,0.0,0.4423076923076923,7.865384615384615,6.24375,52.0
OZACCHEAUS,2023,TE,16.0,108.3,40.0,1.0,467.0,16.0,42.0,3.0,0.0,0.0,0.0,0.0,WAS,O.ZACCHEAUS,OZACCHEAUS_TE,106.9,52.5,1.0,2.6540284360189546,53.992653506315726,2,31.0,53.5,0.0,0.0,0.0,1.05,11.675,6.76875,41.0
PDURHAM,2023,WR,16.0,21.8,8.0,0.0,78.0,0.0,8.0,1.0,0.0,0.0,0.0,0.0,TB,P.DURHAM,PDURHAM_WR,21.05,7.5,0.0,7.389162561576354,19.846130325302436,2,31.0,7.5,0.0,0.0,0.0,1.0,9.75,1.3625,8.0
PFREIERMUTH,2023,TE,16.0,123.0,63.0,0.0,510.0,0.0,42.0,5.0,0.0,0.0,0.0,0.0,PIT,P.FREIERMUTH,PFREIERMUTH_TE,124.75,59.5,0.0,-2.766798418972332,50.406611973155314,2,31.0,59.5,0.0,0.0,0.0,0.6666666666666666,8.095238095238095,7.6875,63.0
PMAHOMES,2023,RB,16.0,58.9,3.0,54.0,12.0,387.0,1.0,0.0,3.0,0.0,0.0,0.0,KC,P.MAHOMES,PMAHOMES_RB,51.75,3.0,41.0,32.06278026905829,5.117870758937601,2,31.0,44.0,57.0,7.0,0.0,0.0,0.0,3.68125,57.0
PNACUA,2023,WR,16.0,228.7,100.0,0.0,1337.0,0.0,77.0,3.0,0.0,0.0,0.0,0.0,LA,P.NACUA,PNACUA_WR,206.14999999999998,95.5,0.0,24.564270152505443,6.464304343308504,2,31.0,95.5,0.0,0.0,0.0,0.77,13.37,14.29375,100.0
PSTRONG,2023,RB,16.0,27.9,17.0,23.0,94.0,95.0,9.0,0.0,0.0,0.0,0.0,0.0,CLE,P.STRONG,PSTRONG_RB,26.4,13.5,19.0,12.048192771084338,12.445079348883237,2,31.0,32.5,40.0,4.725,0.0,0.0,0.0,1.74375,40.0
PTAYLOR,2023,RB,16.0,28.2,9.0,32.0,23.0,179.0,2.0,0.0,1.0,0.0,0.0,0.0,SF,P.TAYLOR,PTAYLOR_RB,24.25,8.5,31.0,38.91625615763546,4.341098593360451,2,31.0,39.5,41.0,4.926829268292683,0.0,0.0,0.0,1.7625,41.0
PWASHINGTON,2023,TE,16.0,50.6,35.0,0.0,206.0,0.0,18.0,2.0,0.0,0.0,0.0,0.0,JAX,P.WASHINGTON,PWASHINGTON_TE,47.7,34.5,0.0,12.94642857142858,11.630687400895965,2,31.0,34.5,0.0,0.0,0.0,0.5142857142857142,5.885714285714286,3.1625,35.0
QJOHNSTON,2023,TE,16.0,140.0,68.0,3.0,589.0,11.0,44.0,6.0,0.0,0.0,0.0,0.0,LAC,Q.JOHNSTON,QJOHNSTON_TE,129.2,68.5,2.5,18.24324324324324,8.459092234194626,2,31.0,71.0,0.0,0.0,0.0,0.6470588235294118,8.661764705882353,8.75,71.0
RBATEMAN,2023,TE,16.0,147.8,59.0,0.0,648.0,0.0,35.0,8.0,0.0,0.0,0.0,0.0,BAL,R.BATEMAN,RBATEMAN_TE,145.7,54.0,0.0,2.924791086350987,49.05974191375217,2,31.0,54.0,0.0,0.0,0.0,0.5932203389830508,10.983050847457626,9.2375,59.0
RDAVIS,2023,RB,16.0,69.9,18.0,69.0,147.0,322.0,11.0,1.0,1.0,0.0,0.0,0.0,BUF,R.DAVIS,RDAVIS_RB,66.25,15.0,71.5,11.66134185303515,12.834472398248971,2,31.0,86.5,87.0,5.390804597701149,0.0,0.0,0.0,4.36875,87.0
RDOUBS,2023,TE,16.0,109.0,65.0,0.0,450.0,0.0,46.0,3.0,0.0,0.0,0.0,0.0,GB,R.DOUBS,RDOUBS_TE,93.2,59.0,0.0,40.82687338501291,4.171034937125712,2,31.0,59.0,0.0,0.0,0.0,0.7076923076923077,6.923076923076923,6.8125,65.0
RDOWDLE,2023,RB,16.0,156.6,40.0,157.0,231.0,905.0,25.0,2.0,1.0,0.0,0.0,0.0,DAL,R.DOWDLE,RDOWDLE_RB,143.95,32.5,162.5,19.268849961919255,8.04648388551807,2,31.0,195.0,197.0,5.766497461928934,0.0,0.0,0.0,9.7875,197.0
RFLOURNOY,2023,WR,16.0,18.4,11.0,0.0,104.0,0.0,8.0,0.0,0.0,0.0,0.0,0.0,DAL,R.FLOURNOY,RFLOURNOY_WR,18.4,11.0,0.0,0.0,0.0,1,16.0,11.0,0.0,0.0,0.0,0.7272727272727273,9.454545454545455,1.15,11.0
RJOHNSON,2023,RB,16.0,31.4,19.0,27.0,92.0,102.0,12.0,0.0,0.0,0.0,0.0,0.0,CHI,R.JOHNSON,RJOHNSON_RB,30.75,18.5,28.0,4.3189368770764025,33.45159003305598,2,31.0,46.5,46.0,4.217391304347826,0.0,0.0,0.0,1.9625,46.0
RMCCLOUD,2023,TE,16.0,102.2,67.0,7.0,610.0,72.0,34.0,0.0,0.0,0.0,0.0,0.0,ATL,R.MCCLOUD,RMCCLOUD_TE,100.85,58.5,6.5,2.7135678391959828,52.823495468639436,2,31.0,65.0,0.0,0.0,0.0,0.5074626865671642,9.104477611940299,6.3875,74.0
RMILLER,2023,WR,16.0,23.7,12.0,0.0,107.0,0.0,7.0,1.0,0.0,0.0,0.0,0.0,TB,R.MILLER,RMILLER_WR,19.45,12.5,0.0,55.92105263157895,3.2360533868419648,2,31.0,12.5,0.0,0.0,0.0,0.5833333333333334,8.916666666666666,1.48125,12.0
RMOSTERT,2023,RB,16.0,59.5,19.0,78.0,123.0,292.0,12.0,0.0,1.0,0.0,0.0,0.0,MIA,R.MOSTERT,RMOSTERT_RB,57.15,17.0,67.0,8.57664233576643,17.196235125451558,2,31.0,84.0,97.0,4.278350515463917,0.0,0.0,0.0,3.71875,97.0
RODUNZE,2023,TE,16.0,120.3,65.0,2.0,503.0,10.0,51.0,3.0,0.0,0.0,0.0,0.0,CHI,R.ODUNZE,RODUNZE_TE,108.94999999999999,65.5,1.5,23.25819672131148,6.787602097821527,2,31.0,67.0,0.0,0.0,0.0,0.7846153846153846,7.7384615384615385,7.51875,67.0
RPEARSALL,2022,WR,15.0,58.1,25.0,1.0,266.0,25.0,17.0,2.0,0.0,0.0,0.0,0.0,SF,R.PEARSALL,RPEARSALL_WR,58.1,25.0,1.0,0.0,0.0,1,15.0,26.0,0.0,0.0,0.0,0.68,10.64,3.8733333333333335,26.0
RPEARSALL,2023,TE,16.0,76.8,31.0,2.0,300.0,28.0,26.0,3.0,0.0,0.0,0.0,0.0,SF,R.PEARSALL,RPEARSALL_TE,76.8,31.0,2.0,0.0,0.0,1,16.0,33.0,0.0,0.0,0.0,0.8387096774193549,9.67741935483871,4.8,33.0
RRICE,2023,WR,16.0,48.8,23.0,0.0,248.0,0.0,18.0,1.0,0.0,0.0,0.0,0.0,KC,R.RICE,RRICE_WR,45.65,21.5,0.0,14.8235294117647,10.247436368624097,2,31.0,21.5,0.0,0.0,0.0,0.782608695652174,10.782608695652174,3.05,23.0
RRIVERS,2023,RB,16.0,11.0,5.0,19.0,22.0,68.0,2.0,0.0,0.0,0.0,0.0,0.0,LA,R.RIVERS,RRIVERS_RB,11.1,4.5,18.5,-1.7857142857142794,78.48885271170705,2,31.0,23.0,24.0,3.75,0.0,0.0,0.0,0.6875,24.0
RSHAHEED,2022,WR,15.0,38.5,27.0,4.0,191.0,24.0,11.0,1.0,0.0,0.0,0.0,0.0,NO,R.SHAHEED,RSHAHEED_WR,38.5,27.0,4.0,0.0,0.0,1,15.0,31.0,0.0,0.0,0.0,0.4074074074074074,7.074074074074074,2.566666666666667,31.0
RSHAHEED,2023,TE,16.0,57.8,33.0,5.0,280.0,28.0,15.0,2.0,0.0,0.0,0.0,0.0,NO,R.SHAHEED,RSHAHEED_TE,57.8,33.0,5.0,0.0,0.0,1,16.0,38.0,0.0,0.0,0.0,0.45454545454545453,8.484848484848484,3.6125,38.0
RSTEVENSON,2023,RB,16.0,84.5,36.0,137.0,115.0,410.0,20.0,0.0,2.0,0.0,0.0,0.0,NE,R.STEVENSON,RSTEVENSON_RB,95.05,37.5,129.5,-19.981060606060602,6.370663464623826,2,31.0,167.0,173.0,3.0346820809248554,0.0,0.0,0.0,5.28125,173.0
RWHITE,2023,RB,16.0,153.6,34.0,94.0,329.0,517.0,33.0,4.0,2.0,0.0,0.0,0.0,TB,R.WHITE,RWHITE_RB,141.95,37.5,98.5,17.881811204911727,8.615777475487596,2,31.0,136.0,128.0,6.609375,0.0,0.0,0.0,9.6,128.0
RWILSON,2023,RB,16.0,14.5,2.0,20.0,17.0,108.0,2.0,0.0,0.0,0.0,0.0,0.0,PIT,R.WILSON,RWILSON_RB,15.2,2.0,22.0,-8.805031446540882,15.354318677193598,2,31.0,24.0,22.0,5.681818181818182,0.0,0.0,0.0,0.90625,22.0
RWOODS,2023,WR,16.0,33.5,22.0,0.0,155.0,0.0,18.0,0.0,0.0,0.0,0.0,0.0,HOU,R.WOODS,RWOODS_WR,30.05,23.0,0.0,25.939849624060145,6.15900254337848,2,31.0,23.0,0.0,0.0,0.0,0.8181818181818182,7.045454545454546,2.09375,22.0
SBARKLEY,2023,RB,16.0,294.0,28.0,293.0,236.0,1704.0,28.0,1.0,11.0,0.0,0.0,0.0,PHI,S.BARKLEY,SBARKLEY_RB,309.9,29.5,310.0,-9.76058931860037,13.781911414447231,2,31.0,339.5,321.0,6.043613707165109,0.0,0.0,0.0,18.375,321.0
SDARNOLD,2023,RB,16.0,19.4,1.0,44.0,0.0,194.0,0.0,0.0,0.0,0.0,0.0,0.0,MIN,S.DARNOLD,SDARNOLD_RB,19.4,0.5,34.0,0.0,0.0,2,31.0,34.5,45.0,4.311111111111111,0.0,0.0,0.0,1.2125,45.0
SDIGGS,2023,TE,16.0,90.2,44.0,2.0,437.0,5.0,34.0,2.0,0.0,0.0,0.0,0.0,HOU,S.DIGGS,SDIGGS_TE,78.2,42.0,1.5,36.25377643504532,4.607979190732335,2,31.0,43.5,0.0,0.0,0.0,0.7727272727272727,9.931818181818182,5.6375,46.0
SFEHOKO,2023,WR,16.0,12.3,13.0,0.0,73.0,0.0,5.0,0.0,0.0,0.0,0.0,0.0,LAC,S.FEHOKO,SFEHOKO_WR,11.8,12.0,0.0,8.849557522123893,16.68772003600252,2,31.0,12.0,0.0,0.0,0.0,0.38461538461538464,5.615384615384615,0.76875,13.0
SLAPORTA,2023,TE,16.0,118.7,66.0,0.0,547.0,0.0,40.0,4.0,0.0,0.0,0.0,0.0,DET,S.LAPORTA,SLAPORTA_TE,118.30000000000001,57.5,0.0,0.6785411365564012,209.12683053592218,2,31.0,57.5,0.0,0.0,0.0,0.6060606060606061,8.287878787878787,7.41875,66.0
SMCCORMICK,2023,RB,16.0,16.2,5.0,31.0,29.0,93.0,4.0,0.0,0.0,0.0,0.0,0.0,LV,S.MCCORMICK,SMCCORMICK_RB,16.9,5.0,29.0,-7.954545454545466,17.071578002932334,2,31.0,34.0,36.0,3.388888888888889,0.0,0.0,0.0,1.0125,36.0
SPERINE,2023,WR,16.0,58.1,29.0,13.0,266.0,85.0,23.0,0.0,0.0,0.0,0.0,0.0,KC,S.PERINE,SPERINE_WR,49.5,24.0,14.0,42.05378973105135,4.0699750777597785,2,31.0,38.0,0.0,0.0,0.0,0.7931034482758621,9.172413793103448,3.63125,42.0
SRATTLER,2022,RB,15.0,12.4,0.0,11.0,0.0,124.0,0.0,0.0,0.0,0.0,0.0,0.0,NO,S.RATTLER,SRATTLER_RB,12.4,0.0,11.0,0.0,0.0,1,15.0,11.0,11.0,11.272727272727273,0.0,0.0,0.0,0.8266666666666667,11.0
SSHEPARD,2023,TE,16.0,43.9,41.0,5.0,228.0,61.0,15.0,0.0,0.0,0.0,0.0,0.0,TB,S.SHEPARD,SSHEPARD_TE,41.9,38.5,4.5,10.025062656641605,14.81388706585817,2,31.0,43.0,0.0,0.0,0.0,0.36585365853658536,5.560975609756097,2.74375,46.0
SSMARTT,2023,WR,16.0,27.4,13.0,0.0,174.0,0.0,10.0,0.0,0.0,0.0,0.0,0.0,LAC,S.SMARTT,SSMARTT_WR,22.85,14.0,0.0,49.72677595628414,3.551074714310465,2,31.0,14.0,0.0,0.0,0.0,0.7692307692307693,13.384615384615385,1.7125,13.0
STUCKER,2023,RB,16.0,39.8,7.0,33.0,81.0,247.0,7.0,0.0,0.0,0.0,0.0,0.0,TB,S.TUCKER,STUCKER_RB,35.2,8.0,33.0,30.065359477124165,5.410904064731845,2,31.0,41.0,40.0,8.2,0.0,0.0,0.0,2.4875,40.0
TALLGEIER,2023,RB,16.0,78.1,10.0,99.0,63.0,488.0,11.0,0.0,2.0,0.0,0.0,0.0,ATL,T.ALLGEIER,TALLGEIER_RB,76.8,9.0,103.5,3.4437086092715155,41.77369291932844,2,31.0,112.5,109.0,5.055045871559633,0.0,0.0,0.0,4.88125,109.0
TATWELL,2023,TE,16.0,79.5,42.0,1.0,481.0,4.0,31.0,0.0,0.0,0.0,0.0,0.0,LA,T.ATWELL,TATWELL_TE,76.55,41.5,1.0,8.016304347826095,18.348821728755986,2,31.0,42.5,0.0,0.0,0.0,0.7380952380952381,11.452380952380953,4.96875,43.0
TBENSON,2023,RB,16.0,27.8,4.0,38.0,45.0,203.0,3.0,0.0,0.0,0.0,0.0,0.0,ARI,T.BENSON,TBENSON_RB,28.4,3.5,33.5,-4.137931034482756,33.46972097616327,2,31.0,37.0,42.0,5.904761904761905,0.0,0.0,0.0,1.7375,42.0
TBIGSBY,2023,RB,16.0,75.3,9.0,111.0,39.0,494.0,4.0,0.0,3.0,0.0,0.0,0.0,JAX,T.BIGSBY,TBIGSBY_RB,66.1,8.0,91.5,32.33743409490334,5.080408503959869,2,31.0,99.5,120.0,4.441666666666666,0.0,0.0,0.0,4.70625,120.0
TBOYD,2023,TE,16.0,60.8,44.0,0.0,306.0,2.0,30.0,0.0,0.0,0.0,0.0,0.0,TEN,T.BOYD,TBOYD_TE,55.15,44.0,0.0,22.828282828282823,6.9021130942368325,2,31.0,44.0,0.0,0.0,0.0,0.6818181818181818,6.954545454545454,3.8,44.0
TCHANDLER,2023,RB,16.0,23.3,5.0,42.0,31.0,162.0,4.0,0.0,0.0,0.0,0.0,0.0,MIN,T.CHANDLER,TCHANDLER_RB,22.4,4.0,41.5,8.372093023255816,17.59910210953184,2,31.0,45.5,47.0,4.1063829787234045,0.0,0.0,0.0,1.45625,47.0
TCONKLIN,2023,TE,16.0,99.3,62.0,0.0,383.0,0.0,43.0,3.0,0.0,0.0,0.0,0.0,NYJ,T.CONKLIN,TCONKLIN_TE,87.15,58.0,0.0,32.4,5.071963455177583,2,31.0,58.0,0.0,0.0,0.0,0.6935483870967742,6.17741935483871,6.20625,62.0
TDELL,2023,TE,16.0,110.3,68.0,7.0,488.0,35.0,46.0,2.0,0.0,0.0,0.0,0.0,HOU,T.DELL,TDELL_TE,102.9,66.0,6.0,15.497382198952877,9.832606457310238,2,31.0,72.0,0.0,0.0,0.0,0.6764705882352942,7.176470588235294,6.89375,75.0
TETIENNE,2023,RB,16.0,99.3,34.0,111.0,224.0,319.0,33.0,0.0,2.0,0.0,0.0,0.0,JAX,T.ETIENNE,TETIENNE_RB,89.8,31.5,99.0,23.6612702366127,6.684019889531786,2,31.0,130.5,145.0,3.7448275862068967,0.0,0.0,0.0,6.20625,145.0
TFRANKLIN,2023,TE,16.0,57.0,39.0,1.0,264.0,6.0,18.0,2.0,0.0,0.0,0.0,0.0,DEN,T.FRANKLIN,TFRANKLIN_TE,50.45,35.0,1.0,29.84054669703873,5.4463415436429505,2,31.0,36.0,0.0,0.0,0.0,0.46153846153846156,6.769230769230769,3.5625,40.0
TGOODSON,2023,RB,16.0,22.8,12.0,27.0,35.0,113.0,8.0,0.0,0.0,0.0,0.0,0.0,IND,T.GOODSON,TGOODSON_RB,21.05,10.0,24.5,18.134715025906736,8.505484425129614,2,31.0,34.5,39.0,3.7948717948717947,0.0,0.0,0.0,1.425,39.0
THIGBEE,2023,WR,16.0,38.9,21.0,0.0,129.0,0.0,14.0,2.0,0.0,0.0,0.0,0.0,LA,T.HIGBEE,THIGBEE_WR,37.2,20.0,0.0,9.57746478873239,15.473160153023285,2,31.0,20.0,0.0,0.0,0.0,0.6666666666666666,6.142857142857143,2.43125,21.0
THIGGINS,2023,TE,16.0,181.9,79.0,0.0,799.0,0.0,66.0,6.0,0.0,0.0,0.0,0.0,CIN,T.HIGGINS,THIGGINS_TE,168.95,78.0,0.0,16.602564102564106,9.225149859572754,2,31.0,78.0,0.0,0.0,0.0,0.8354430379746836,10.113924050632912,11.36875,79.0
THILL,2022,TE,15.0,108.3,77.0,0.0,553.0,0.0,35.0,3.0,0.0,0.0,0.0,0.0,MIA,T.HILL,THILL_TE,108.3,77.0,0.0,0.0,0.0,1,15.0,77.0,0.0,0.0,0.0,0.45454545454545453,7.181818181818182,7.22,77.0
THILL,2023,WR,16.0,152.8,100.0,0.0,698.0,0.0,59.0,4.0,0.0,0.0,0.0,0.0,MIA,T.HILL,THILL_WR,152.8,100.0,0.0,0.0,0.0,1,16.0,100.0,0.0,0.0,0.0,0.59,6.98,9.55,100.0
THOCKENSON,2023,TE,16.0,74.1,45.0,0.0,401.0,0.0,34.0,0.0,0.0,0.0,0.0,0.0,MIN,T.HOCKENSON,THOCKENSON_TE,59.5,47.0,0.0,65.03340757238306,2.881702293191752,2,31.0,47.0,0.0,0.0,0.0,0.7555555555555555,8.911111111111111,4.63125,45.0
THUDSON,2023,WR,16.0,24.0,19.0,0.0,100.0,0.0,14.0,0.0,0.0,0.0,0.0,0.0,CIN,T.HUDSON,THUDSON_WR,25.0,16.5,0.0,-7.6923076923076925,17.677669529663685,2,31.0,16.5,0.0,0.0,0.0,0.7368421052631579,5.2631578947368425,1.5,19.0
THUNTLEY,2023,RB,16.0,15.7,0.0,17.0,0.0,97.0,0.0,0.0,1.0,0.0,0.0,0.0,MIA,T.HUNTLEY,THUNTLEY_RB,14.5,0.0,15.5,18.045112781954874,8.544206939337453,2,31.0,15.5,17.0,5.705882352941177,0.0,0.0,0.0,0.98125,17.0
TJOHNSON,2023,TE,16.0,107.2,70.0,0.0,502.0,0.0,45.0,2.0,0.0,0.0,0.0,0.0,LA,T.JOHNSON,TJOHNSON_TE,96.05000000000001,63.0,0.0,26.266195524146045,6.091265141970216,2,31.0,63.0,0.0,0.0,0.0,0.6428571428571429,7.171428571428572,6.7,70.0
TKELCE,2023,TE,16.0,132.4,93.0,0.0,734.0,0.0,47.0,2.0,0.0,0.0,0.0,0.0,KC,T.KELCE,TKELCE_TE,125.5,86.0,0.0,11.63575042158517,12.861145078103137,2,31.0,86.0,0.0,0.0,0.0,0.5053763440860215,7.89247311827957,8.275,93.0
TKRAFT,2023,TE,16.0,137.1,60.0,4.0,741.0,10.0,38.0,4.0,0.0,0.0,0.0,0.0,GB,T.KRAFT,TKRAFT_TE,124.25,54.0,3.5,23.070017953321354,6.837199810305725,2,31.0,57.5,0.0,0.0,0.0,0.6333333333333333,12.35,8.56875,64.0
TLAWRENCE,2023,RB,16.0,21.3,0.0,18.0,0.0,93.0,0.0,0.0,2.0,0.0,0.0,0.0,JAX,T.LAWRENCE,TLAWRENCE_RB,21.3,0.0,18.0,0.0,0.0,1,16.0,18.0,18.0,5.166666666666667,0.0,0.0,0.0,1.33125,18.0
TLOCKETT,2023,TE,16.0,91.4,60.0,0.0,464.0,0.0,39.0,1.0,0.0,0.0,0.0,0.0,SEA,T.LOCKETT,TLOCKETT_TE,88.35,56.5,0.0,7.151230949589693,20.482912825518483,2,31.0,56.5,0.0,0.0,0.0,0.65,7.733333333333333,5.7125,60.0
TMCBRIDE,2023,WR,16.0,185.2,129.0,0.0,892.0,0.0,90.0,1.0,0.0,0.0,0.0,0.0,ARI,T.MCBRIDE,TMCBRIDE_WR,164.35,115.0,0.0,29.059233449477347,5.573764963453675,2,31.0,115.0,0.0,0.0,0.0,0.6976744186046512,6.9147286821705425,11.575,129.0
TMCLAURIN,2022,WR,15.0,182.2,91.0,1.0,801.0,1.0,60.0,7.0,0.0,0.0,0.0,0.0,WAS,T.MCLAURIN,TMCLAURIN_WR,182.2,91.0,1.0,0.0,0.0,1,15.0,92.0,0.0,0.0,0.0,0.6593406593406593,8.802197802197803,12.146666666666667,92.0
TMCLAURIN,2023,TE,16.0,256.6,69.0,1.0,1045.0,1.0,80.0,12.0,0.0,0.0,0.0,0.0,WAS,T.MCLAURIN,TMCLAURIN_TE,256.6,69.0,1.0,0.0,0.0,1,16.0,70.0,0.0,0.0,0.0,1.1594202898550725,15.144927536231885,16.0375,70.0
TMUNFORD,2023,RB,16.0,11.2,0.0,19.0,0.0,52.0,0.0,0.0,1.0,0.0,0.0,0.0,LV,T.MUNFORD,TMUNFORD_RB,10.7,0.0,16.5,9.803921568627452,15.132085117392116,2,31.0,16.5,19.0,2.736842105263158,0.0,0.0,0.0,0.7,19.0
TPALMER,2023,WR,16.0,20.0,17.0,0.0,100.0,0.0,10.0,0.0,0.0,0.0,0.0,0.0,TB,T.PALMER,TPALMER_WR,19.6,15.0,0.0,4.1666666666666705,34.648232278140796,2,31.0,15.0,0.0,0.0,0.0,0.5882352941176471,5.882352941176471,1.25,17.0
TPATRICK,2022,WR,15.0,60.2,30.0,0.0,282.0,0.0,20.0,2.0,0.0,0.0,0.0,0.0,DET,T.PATRICK,TPATRICK_WR,60.2,30.0,0.0,0.0,0.0,1,15.0,30.0,0.0,0.0,0.0,0.6666666666666666,9.4,4.013333333333334,30.0
TPATRICK,2023,TE,16.0,62.0,44.0,0.0,250.0,0.0,19.0,3.0,0.0,0.0,0.0,0.0,DET,T.PATRICK,TPATRICK_TE,62.0,44.0,0.0,0.0,0.0,1,16.0,44.0,0.0,0.0,0.0,0.4318181818181818,5.681818181818182,3.875,44.0
TPOLLARD,2023,RB,16.0,144.4,54.0,189.0,214.0,740.0,31.0,0.0,3.0,0.0,0.0,0.0,TEN,T.POLLARD,TPOLLARD_RB,137.65,48.0,153.0,10.313216195569137,14.41974050819678,2,31.0,201.0,243.0,3.925925925925926,0.0,0.0,0.0,9.025,243.0
TRAVIS KELCE,2024,TE,17.0,197.3,106.0,0.0,823.0,0.0,97.0,3.0,0.0,0.0,0.0,0.0,KC,TRAVIS KELCE,TRAVIS KELCE_TE,197.3,106.0,0.0,0.0,0.0,1,17.0,106.0,0.0,0.0,0.0,0.9150943396226415,7.764150943396227,11.605882352941178,106.0
TSERMON,2023,RB,16.0,39.2,14.0,44.0,71.0,141.0,12.0,0.0,1.0,0.0,0.0,0.0,IND,T.SERMON,TSERMON_RB,36.55,13.0,43.5,15.634218289085558,9.752736925421996,2,31.0,56.5,58.0,3.6551724137931036,0.0,0.0,0.0,2.45,58.0
TSPEARS,2023,RB,16.0,67.3,27.0,46.0,202.0,221.0,25.0,0.0,0.0,0.0,0.0,0.0,TEN,T.SPEARS,TSPEARS_RB,61.2,27.5,40.5,22.141560798548085,7.09425164075684,2,31.0,68.0,73.0,5.794520547945205,0.0,0.0,0.0,4.20625,73.0
TTRACY,2023,RB,16.0,141.6,37.0,160.0,239.0,667.0,27.0,0.0,4.0,0.0,0.0,0.0,NYG,T.TRACY,TTRACY_RB,119.15,35.0,136.0,46.43226473629782,3.752862938903214,2,31.0,171.0,197.0,4.598984771573604,0.0,0.0,0.0,8.85,197.0
TTREMBLE,2023,WR,16.0,32.8,24.0,0.0,178.0,0.0,15.0,0.0,0.0,0.0,0.0,0.0,CAR,T.TREMBLE,TTREMBLE_WR,28.299999999999997,21.0,0.0,37.81512605042015,4.446915979462067,2,31.0,21.0,0.0,0.0,0.0,0.625,7.416666666666667,2.05,24.0
TTUCKER,2023,TE,16.0,107.6,64.0,5.0,488.0,28.0,44.0,2.0,0.0,0.0,0.0,0.0,LV,T.TUCKER,TTUCKER_TE,96.69999999999999,63.5,4.5,25.407925407925408,6.2731399762146,2,31.0,68.0,0.0,0.0,0.0,0.6875,7.625,6.725,69.0
TWALLACE,2023,WR,16.0,28.4,12.0,0.0,194.0,0.0,9.0,0.0,0.0,0.0,0.0,0.0,BAL,T.WALLACE,TWALLACE_WR,26.2,9.0,0.0,18.333333333333325,8.42099893958525,2,31.0,9.0,0.0,0.0,0.0,0.75,16.166666666666668,1.775,12.0
TYREEK HILL,2024,WR,17.0,137.2,123.0,8.0,959.0,53.0,81.0,6.0,0.0,0.0,0.0,0.0,MIA,TYREEK HILL,TYREEK HILL_WR,137.2,123.0,8.0,0.0,0.0,1,17.0,131.0,0.0,0.0,0.0,0.6585365853658537,7.796747967479675,8.070588235294117,131.0
VJEFFERSON,2022,WR,15.0,51.7,30.0,0.0,207.0,0.0,19.0,2.0,0.0,0.0,0.0,0.0,PIT,V.JEFFERSON,VJEFFERSON_WR,51.7,30.0,0.0,0.0,0.0,1,15.0,30.0,0.0,0.0,0.0,0.6333333333333333,6.9,3.4466666666666668,30.0
VJEFFERSON,2023,TE,16.0,58.2,35.0,0.0,242.0,0.0,22.0,2.0,0.0,0.0,0.0,0.0,PIT,V.JEFFERSON,VJEFFERSON_TE,58.2,35.0,0.0,0.0,0.0,1,16.0,35.0,0.0,0.0,0.0,0.6285714285714286,6.914285714285715,3.6375,35.0
WDISSLY,2023,TE,16.0,82.0,49.0,0.0,410.0,0.0,35.0,1.0,0.0,0.0,0.0,0.0,LAC,W.DISSLY,WDISSLY_TE,76.75,49.5,0.0,14.685314685314685,10.337227705917623,2,31.0,49.5,0.0,0.0,0.0,0.7142857142857143,8.36734693877551,5.125,49.0
WLEVIS,2023,RB,16.0,12.4,0.0,33.0,2.0,122.0,0.0,0.0,0.0,0.0,0.0,0.0,TEN,W.LEVIS,WLEVIS_RB,11.4,0.0,27.5,19.23076923076923,8.061017305526642,2,31.0,27.5,33.0,3.757575757575758,0.0,0.0,0.0,0.775,33.0
WROBINSON,2023,WR,16.0,140.9,108.0,2.0,466.0,13.0,69.0,4.0,0.0,0.0,0.0,0.0,NYG,W.ROBINSON,WROBINSON_WR,130.5,98.5,1.5,17.318900915903424,8.872830283158116,2,31.0,100.0,0.0,0.0,0.0,0.6388888888888888,4.314814814814815,8.80625,110.0
WSHIPLEY,2023,RB,16.0,20.4,3.0,19.0,22.0,102.0,2.0,0.0,1.0,0.0,0.0,0.0,PHI,W.SHIPLEY,WSHIPLEY_RB,22.5,2.5,17.5,-17.073170731707325,7.576144084141575,2,31.0,20.0,22.0,5.636363636363637,0.0,0.0,0.0,1.275,22.0
XHUTCHINSON,2023,WR,16.0,28.0,18.0,0.0,140.0,0.0,14.0,0.0,0.0,0.0,0.0,0.0,HOU,X.HUTCHINSON,XHUTCHINSON_WR,25.6,19.5,0.0,20.689655172413797,7.542472332656507,2,31.0,19.5,0.0,0.0,0.0,0.7777777777777778,7.777777777777778,1.75,18.0
XLEGETTE,2023,TE,16.0,74.2,70.0,4.0,360.0,12.0,25.0,2.0,0.0,0.0,0.0,0.0,CAR,X.LEGETTE,XLEGETTE_TE,72.30000000000001,68.0,3.0,5.397727272727268,26.907273831467073,2,31.0,71.0,0.0,0.0,0.0,0.35714285714285715,5.142857142857143,4.6375,74.0
XWORTHY,2023,WR,16.0,137.7,85.0,13.0,599.0,78.0,46.0,3.0,1.0,0.0,0.0,0.0,KC,X.WORTHY,XWORTHY_WR,134.95,82.5,11.5,4.160363086232981,34.69965822586349,2,31.0,94.0,0.0,0.0,0.0,0.5411764705882353,7.047058823529412,8.60625,98.0
ZCHARBONNET,2023,RB,16.0,104.6,38.0,104.0,178.0,288.0,28.0,0.0,5.0,0.0,0.0,0.0,SEA,Z.CHARBONNET,ZCHARBONNET_RB,104.1,34.5,94.0,0.9652509652509652,147.21963184303917,2,31.0,128.5,142.0,3.2816901408450705,0.0,0.0,0.0,6.5375,142.0
ZERTZ,2023,TE,16.0,149.5,67.0,0.0,635.0,0.0,56.0,5.0,0.0,0.0,0.0,0.0,WAS,Z.ERTZ,ZERTZ_TE,138.3,68.5,0.0,17.623918174665622,8.73150605697317,2,31.0,68.5,0.0,0.0,0.0,0.835820895522388,9.477611940298507,9.34375,67.0
ZFLOWERS,2023,WR,16.0,140.4,81.0,7.0,687.0,37.0,50.0,3.0,0.0,0.0,0.0,0.0,BAL,Z.FLOWERS,ZFLOWERS_WR,136.3,91.5,7.0,6.202723146747366,23.506988847738107,2,31.0,98.5,0.0,0.0,0.0,0.6172839506172839,8.481481481481481,8.775,88.0
ZJONES,2023,WR,16.0,12.5,13.0,0.0,65.0,0.0,6.0,0.0,0.0,0.0,0.0,0.0,ARI,Z.JONES,ZJONES_WR,12.5,13.0,0.0,0.0,0.0,1,16.0,13.0,0.0,0.0,0.0,0.46153846153846156,5.0,0.78125,13.0
ZMOSS,2023,RB,16.0,60.5,18.0,46.0,140.0,215.0,19.0,0.0,1.0,0.0,0.0,0.0,CIN,Z.MOSS,ZMOSS_RB,52.65,20.5,38.0,35.04464285714287,4.742569685283021,2,31.0,58.5,64.0,5.546875,0.0,0.0,0.0,3.78125,64.0
ZWHITE,2023,RB,16.0,32.8,6.0,49.0,20.0,148.0,4.0,0.0,2.0,0.0,0.0,0.0,LV,Z.WHITE,ZWHITE_RB,29.4,5.0,50.0,26.153846153846143,6.114393931436619,2,31.0,55.0,55.0,3.0545454545454547,0.0,0.0,0.0,2.05,55.0
