{
  "timestamp": "20250801_202210",
  "model_type": "CatBoost",
  "training_data": "nflverse 2022-2023",
  "features": [
    "passing_yards",
    "passing_tds",
    "interceptions",
    "rushing_yards",
    "rushing_tds",
    "carries",
    "receiving_yards",
    "receiving_tds",
    "receptions",
    "targets",
    "passing_td_rate",
    "rushing_td_rate",
    "receiving_td_rate",
    "catch_rate",
    "yards_per_carry",
    "yards_per_reception",
    "yards_per_target",
    "is_qb",
    "is_rb",
    "is_wr",
    "is_te",
    "is_k",
    "season_encoded",
    "week_early",
    "week_mid",
    "week_late"
  ],
  "metrics": {
    "train_mae": 0.23089128455710073,
    "test_mae": 0.295217008478858,
    "train_r2": 0.9960776713107272,
    "test_r2": 0.9920657814869714,
    "feature_importance": [
      {
        "feature": "passing_tds",
        "importance": 16.748705065132423
      },
      {
        "feature": "receiving_yards",
        "importance": 15.735353103090535
      },
      {
        "feature": "receptions",
        "importance": 13.634088714228769
      },
      {
        "feature": "rushing_yards",
        "importance": 11.494054715045886
      },
      {
        "feature": "passing_yards",
        "importance": 10.838884443928613
      },
      {
        "feature": "receiving_tds",
        "importance": 9.829476861501767
      },
      {
        "feature": "rushing_tds",
        "importance": 7.323084651239287
      },
      {
        "feature": "rushing_td_rate",
        "importance": 5.502515698062322
      },
      {
        "feature": "receiving_td_rate",
        "importance": 4.434891045113026
      },
      {
        "feature": "passing_td_rate",
        "importance": 1.850634600261083
      },
      {
        "feature": "catch_rate",
        "importance": 0.6912030655457094
      },
      {
        "feature": "interceptions",
        "importance": 0.6558697626861307
      },
      {
        "feature": "yards_per_target",
        "importance": 0.3608005064274871
      },
      {
        "feature": "yards_per_carry",
        "importance": 0.3196881728466757
      },
      {
        "feature": "yards_per_reception",
        "importance": 0.22750775001968562
      },
      {
        "feature": "targets",
        "importance": 0.15923263704874224
      },
      {
        "feature": "carries",
        "importance": 0.09548939903143928
      },
      {
        "feature": "is_qb",
        "importance": 0.053746680583063075
      },
      {
        "feature": "season_encoded",
        "importance": 0.010206591254525627
      },
      {
        "feature": "week_early",
        "importance": 0.010194629779429254
      },
      {
        "feature": "week_late",
        "importance": 0.007232961741056127
      },
      {
        "feature": "week_mid",
        "importance": 0.006678845372643605
      },
      {
        "feature": "is_rb",
        "importance": 0.005505587681559858
      },
      {
        "feature": "is_wr",
        "importance": 0.004724094790128637
      },
      {
        "feature": "is_te",
        "importance": 0.00023041758803824138
      },
      {
        "feature": "is_k",
        "importance": 0.0
      }
    ]
  },
  "target": "fantasy_points_ppr"
}