{
  "timestamp": "20250805_083727",
  "model_type": "CatBoost",
  "training_data": "nflverse 2022-2023",
  "features": [
    "passing_yards",
    "passing_tds",
    "interceptions",
    "rushing_yards",
    "rushing_tds",
    "carries",
    "receiving_yards",
    "receiving_tds",
    "receptions",
    "targets",
    "passing_td_rate",
    "rushing_td_rate",
    "receiving_td_rate",
    "catch_rate",
    "yards_per_carry",
    "yards_per_reception",
    "yards_per_target",
    "is_qb",
    "is_rb",
    "is_wr",
    "is_te",
    "is_k",
    "season_encoded",
    "week_early",
    "week_mid",
    "week_late"
  ],
  "metrics": {
    "train_mae": 0.05618950474361312,
    "test_mae": 0.08141362119434062,
    "train_r2": 0.9998962597412171,
    "test_r2": 0.9988006974889472,
    "feature_importance": [
      {
        "feature": "receiving_yards",
        "importance": 15.575304220350013
      },
      {
        "feature": "passing_tds",
        "importance": 14.80914288635656
      },
      {
        "feature": "passing_yards",
        "importance": 13.36489699767579
      },
      {
        "feature": "receptions",
        "importance": 12.050194174063686
      },
      {
        "feature": "rushing_tds",
        "importance": 11.227846477584295
      },
      {
        "feature": "rushing_yards",
        "importance": 9.940237717477565
      },
      {
        "feature": "receiving_tds",
        "importance": 7.716750676662741
      },
      {
        "feature": "receiving_td_rate",
        "importance": 5.469845322902803
      },
      {
        "feature": "passing_td_rate",
        "importance": 3.9341335925906424
      },
      {
        "feature": "carries",
        "importance": 1.9480989656134606
      },
      {
        "feature": "rushing_td_rate",
        "importance": 1.4837185030418443
      },
      {
        "feature": "yards_per_target",
        "importance": 0.812916196099522
      },
      {
        "feature": "interceptions",
        "importance": 0.6387282082068882
      },
      {
        "feature": "yards_per_carry",
        "importance": 0.5090830557559078
      },
      {
        "feature": "catch_rate",
        "importance": 0.24753607359843163
      },
      {
        "feature": "yards_per_reception",
        "importance": 0.2233033043590299
      },
      {
        "feature": "targets",
        "importance": 0.023850342000337678
      },
      {
        "feature": "is_qb",
        "importance": 0.02198366913686274
      },
      {
        "feature": "is_rb",
        "importance": 0.0012920723232001917
      },
      {
        "feature": "season_encoded",
        "importance": 0.0003831067355661412
      },
      {
        "feature": "week_late",
        "importance": 0.00029792287301843526
      },
      {
        "feature": "week_mid",
        "importance": 0.0002306720793038756
      },
      {
        "feature": "week_early",
        "importance": 0.00013477156579592525
      },
      {
        "feature": "is_wr",
        "importance": 6.235951826194728e-05
      },
      {
        "feature": "is_te",
        "importance": 2.871142845847056e-05
      },
      {
        "feature": "is_k",
        "importance": 0.0
      }
    ]
  },
  "target": "calculated_fantasy_points"
}