{
  "timestamp": "20250803_140115",
  "training_samples": 159,
  "test_samples": 40,
  "features": [
    "position",
    "games",
    "targets",
    "carries",
    "receiving_yards",
    "rushing_yards",
    "receptions",
    "receiving_tds",
    "rushing_tds",
    "avg_fantasy_points_3yr",
    "performance_trend_pct",
    "consistency_score",
    "seasons_played",
    "passing_yards",
    "passing_tds",
    "interceptions",
    "avg_targets_3yr",
    "avg_carries_3yr",
    "total_games",
    "avg_opportunity",
    "passing_efficiency",
    "total_touches",
    "yards_per_touch",
    "catch_rate",
    "yards_per_target",
    "points_per_game",
    "opportunity_share"
  ],
  "categorical_features": [
    "position"
  ],
  "train_r2": 0.9999705396066367,
  "test_r2": 0.8846880955712098,
  "train_rmse": 0.32266603112966097,
  "test_rmse": 24.203358528379102,
  "target_range": [
    5.9,
    433.7
  ],
  "position_distribution": {
    "WR": 181,
    "TE": 13,
    "RB": 3,
    "QB": 2
  },
  "season_distribution": {
    "2023": 193,
    "2024": 5,
    "2022": 1
  },
  "data_source": "comprehensive_training_data_FIXED_20250803_135952.csv",
  "model_version": "FIXED_COMPREHENSIVE"
}