{
  "timestamp": "20250805_083515",
  "model_type": "CatBoost",
  "training_data": "nflverse 2022-2023",
  "features": [
    "passing_yards",
    "passing_tds",
    "interceptions",
    "rushing_yards",
    "rushing_tds",
    "carries",
    "receiving_yards",
    "receiving_tds",
    "receptions",
    "targets",
    "passing_td_rate",
    "rushing_td_rate",
    "receiving_td_rate",
    "catch_rate",
    "yards_per_carry",
    "yards_per_reception",
    "yards_per_target",
    "is_qb",
    "is_rb",
    "is_wr",
    "is_te",
    "is_k",
    "season_encoded",
    "week_early",
    "week_mid",
    "week_late"
  ],
  "metrics": {
    "train_mae": 0.2277685848178774,
    "test_mae": 0.28245386266304967,
    "train_r2": 0.9961128478353005,
    "test_r2": 0.9934373571145879,
    "feature_importance": [
      {
        "feature": "passing_tds",
        "importance": 15.819279449431539
      },
      {
        "feature": "receiving_yards",
        "importance": 14.555580424945642
      },
      {
        "feature": "passing_yards",
        "importance": 12.538428200849761
      },
      {
        "feature": "receptions",
        "importance": 12.218636355601259
      },
      {
        "feature": "rushing_yards",
        "importance": 10.71555876026907
      },
      {
        "feature": "rushing_tds",
        "importance": 10.600214851548062
      },
      {
        "feature": "receiving_tds",
        "importance": 7.592946682245537
      },
      {
        "feature": "receiving_td_rate",
        "importance": 5.670502741397143
      },
      {
        "feature": "passing_td_rate",
        "importance": 3.7366465421324846
      },
      {
        "feature": "rushing_td_rate",
        "importance": 2.2836864824186214
      },
      {
        "feature": "carries",
        "importance": 1.352442926879123
      },
      {
        "feature": "yards_per_reception",
        "importance": 0.6946154734440938
      },
      {
        "feature": "interceptions",
        "importance": 0.6669728307633449
      },
      {
        "feature": "yards_per_target",
        "importance": 0.5714476393213304
      },
      {
        "feature": "yards_per_carry",
        "importance": 0.5500237241851796
      },
      {
        "feature": "targets",
        "importance": 0.2052461752244753
      },
      {
        "feature": "catch_rate",
        "importance": 0.11302341557160761
      },
      {
        "feature": "is_qb",
        "importance": 0.06410886774768737
      },
      {
        "feature": "season_encoded",
        "importance": 0.021059678677857664
      },
      {
        "feature": "week_early",
        "importance": 0.007782755311265892
      },
      {
        "feature": "week_late",
        "importance": 0.00729685443035372
      },
      {
        "feature": "week_mid",
        "importance": 0.007064619710910781
      },
      {
        "feature": "is_rb",
        "importance": 0.004661693404861593
      },
      {
        "feature": "is_wr",
        "importance": 0.0019278633703756947
      },
      {
        "feature": "is_te",
        "importance": 0.0008449911184308192
      },
      {
        "feature": "is_k",
        "importance": 0.0
      }
    ]
  },
  "target": "fantasy_points_ppr"
}